BEGIN;

INSERT INTO "address" (address_id, street, city, state, zip_code)
VALUES
    (1, '292 Lake View Road', 'Kansas City', 'Missouri', 81235),
    (2, '48510 Melby Circle', 'Jacksonville', 'Florida', 32494),
    (3, '159 Continental Alley', 'Naples', 'Florida', 65550),
    (4, '466 Eastlawn Pass', 'San Antonio', 'Texas', 21523),
    (5, '36713 Leroy Plaza', 'Santa Monica', 'California', 26700),
    (6, '3018 Prentice Center', 'Los Angeles', 'California', 42541),
    (7, '69 Pawling Center', 'Arlington', 'Texas', 56431),
    (8, '53460 Morningstar Court', 'Irving', 'Texas', 83808),
    (9, '6 Warrior Road', 'Augusta', 'Georgia', 13003),
    (10, '1962 Farragut Junction', 'Washington', 'District of Columbia', 87577),
    (11, '2199 Becker Center', 'Macon', 'Georgia', 23238),
    (12, '8 Scott Pass', 'Memphis', 'Tennessee', 43659),
    (13, '31699 Sauthoff Place', 'Nashville', 'Tennessee', 18172),
    (14, '49 Merchant Point', 'Schenectady', 'New York', 46187),
    (15, '56293 Doe Crossing Drive', 'Orlando', 'Florida', 93901),
    (16, '2677 Namekagon Way', 'Largo', 'Florida', 99748),
    (17, '4 Pleasure Pass', 'Saint Louis', 'Missouri', 11393),
    (18, '3074 Ridgeway Center', 'Dallas', 'Texas', 31114),
    (19, '98371 Straubel Way', 'Madison', 'Wisconsin', 76279),
    (20, '8999 Bashford Parkway', 'San Diego', 'California', 14059),
    (21, '6184 Lerdahl Park', 'Orlando', 'Florida', 33146),
    (22, '52 Katie Terrace', 'New York City', 'New York', 35428),
    (23, '0 Petterle Lane', 'Fort Worth', 'Texas', 43301),
    (24, '8822 Pennsylvania Trail', 'El Paso', 'Texas', 33716),
    (25, '34336 Katie Center', 'Fresno', 'California', 34158),
    (26, '81 Columbus Trail', 'Vero Beach', 'Florida', 73505),
    (27, '24303 Cascade Pass', 'Fort Smith', 'Arkansas', 51013),
    (28, '9 Everett Hill', 'Pasadena', 'California', 11749),
    (29, '123 Farragut Pass', 'Lincoln', 'Nebraska', 75254),
    (30, '5630 Chive Terrace', 'Albany', 'New York', 46203),
    (31, '7867 Wayridge Plaza', 'Birmingham', 'Alabama', 22762),
    (32, '91316 Spenser Plaza', 'New Orleans', 'Louisiana', 29974),
    (33, '10 Iowa Crossing', 'Saint Louis', 'Missouri', 19962),
    (34, '690 Clove Trail', 'San Diego', 'California', 59428),
    (35, '7114 Hintze Circle', 'Fresno', 'California', 58907),
    (36, '74 Jay Road', 'Salt Lake City', 'Utah', 31475),
    (37, '96659 Green Ridge Road', 'Memphis', 'Tennessee', 18883),
    (38, '25755 Warbler Circle', 'Jacksonville', 'Florida', 24541),
    (39, '48026 Lawn Lane', 'Orlando', 'Florida', 79704),
    (40, '306 Morningstar Circle', 'Indianapolis', 'Indiana', 10694),
    (41, '05 Bay Point', 'Buffalo', 'New York', 12318),
    (42, '6 Carey Junction', 'Arlington', 'Virginia', 96311),
    (43, '30 Carioca Road', 'Charleston', 'West Virginia', 96477),
    (44, '43 Summit Court', 'Buffalo', 'New York', 37709),
    (45, '35721 Bellgrove Park', 'Lawrenceville', 'Georgia', 92884),
    (46, '2 Moulton Drive', 'Salt Lake City', 'Utah', 87484),
    (47, '6 Erie Terrace', 'Miami', 'Florida', 17129),
    (48, '7352 Shopko Center', 'West Palm Beach', 'Florida', 88311),
    (49, '614 Butternut Pass', 'Toledo', 'Ohio', 53136),
    (50, '5536 Express Parkway', 'Oceanside', 'California', 91317),
    (51, '42539 Lien Lane', 'Pittsburgh', 'Pennsylvania', 99462),
    (52, '5 Sunnyside Place', 'Detroit', 'Michigan', 29305),
    (53, '7732 Bonner Circle', 'Lincoln', 'Nebraska', 90396),
    (54, '0662 Graceland Drive', 'Naples', 'Florida', 61159),
    (55, '8666 Kensington Hill', 'Pasadena', 'California', 69295),
    (56, '904 Autumn Leaf Court', 'Lexington', 'Kentucky', 87841),
    (57, '4340 Kedzie Terrace', 'Washington', 'District of Columbia', 92655),
    (58, '39459 Clemons Court', 'Denver', 'Colorado', 39683),
    (59, '7 Loftsgordon Plaza', 'Bonita Springs', 'Florida', 78442),
    (60, '5470 Bonner Crossing', 'Saint Paul', 'Minnesota', 89913),
    (61, '7830 Waywood Crossing', 'Houston', 'Texas', 31423),
    (62, '727 Springview Lane', 'Jefferson City', 'Missouri', 10263),
    (63, '7127 Namekagon Way', 'Lansing', 'Michigan', 37084),
    (64, '23 Manley Road', 'Phoenix', 'Arizona', 10605),
    (65, '7358 Cody Court', 'Richmond', 'California', 39123),
    (66, '817 Maywood Lane', 'Las Vegas', 'Nevada', 85070),
    (67, '46 Hollow Ridge Junction', 'Wichita', 'Kansas', 50189),
    (68, '9 Springview Court', 'Portland', 'Oregon', 67258),
    (69, '8 Steensland Parkway', 'Los Angeles', 'California', 40644),
    (70, '90696 Fremont Street', 'Albuquerque', 'New Mexico', 17726),
    (71, '5 Warbler Center', 'Philadelphia', 'Pennsylvania', 85081),
    (72, '3 Meadow Ridge Center', 'Little Rock', 'Arkansas', 95602),
    (73, '429 American Parkway', 'Roanoke', 'Virginia', 32753),
    (74, '7068 Thompson Point', 'Harrisburg', 'Pennsylvania', 44599),
    (75, '93 Delaware Court', 'Lake Charles', 'Louisiana', 63172),
    (76, '64139 Schiller Road', 'Baton Rouge', 'Louisiana', 73676),
    (77, '366 Quincy Point', 'Decatur', 'Illinois', 90935),
    (78, '7 Wayridge Court', 'Phoenix', 'Arizona', 44999),
    (79, '73 Spenser Place', 'Miami', 'Florida', 87557),
    (80, '6 Forest Dale Trail', 'Washington', 'District of Columbia', 34139),
    (81, '63437 Morning Lane', 'Escondido', 'California', 68811),
    (82, '642 Killdeer Court', 'Louisville', 'Kentucky', 51167),
    (83, '230 Victoria Court', 'Dayton', 'Ohio', 12485),
    (84, '79 Buhler Trail', 'Birmingham', 'Alabama', 54889),
    (85, '31344 Fuller Avenue', 'Shreveport', 'Louisiana', 85815),
    (86, '23 Menomonie Center', 'New Orleans', 'Louisiana', 92387),
    (87, '38287 Warner Trail', 'Aurora', 'Colorado', 83492),
    (88, '42 Westend Hill', 'San Diego', 'California', 42580),
    (89, '30798 Porter Drive', 'Houston', 'Texas', 49089),
    (90, '86 Mayer Way', 'Winston Salem', 'North Carolina', 18844),
    (91, '6187 Sloan Plaza', 'Little Rock', 'Arkansas', 21133),
    (92, '90563 Crescent Oaks Crossing', 'Indianapolis', 'Indiana', 44531),
    (93, '13439 Messerschmidt Center', 'Brooklyn', 'New York', 23546),
    (94, '03029 Texas Lane', 'Midland', 'Texas', 11227),
    (95, '8 Veith Junction', 'West Palm Beach', 'Florida', 15193),
    (96, '44 Meadow Valley Terrace', 'Terre Haute', 'Indiana', 90714),
    (97, '48 Westridge Plaza', 'Atlanta', 'Georgia', 54281),
    (98, '951 Brentwood Way', 'Springfield', 'Illinois', 61917),
    (99, '710 Rigney Drive', 'Washington', 'District of Columbia', 38215),
    (100, '90187 Gale Avenue', 'Springfield', 'Illinois', 27118),
    (101, '94859 Linden Crossing', 'Phoenix', 'Arizona', 52592),
    (102, '2448 Kingsford Road', 'Charlotte', 'North Carolina', 54585),
    (103, '23224 Erie Street', 'Alpharetta', 'Georgia', 10080),
    (104, '94269 Laurel Park', 'Billings', 'Montana', 94489),
    (105, '0914 Laurel Place', 'Berkeley', 'California', 56268),
    (106, '9552 Graedel Way', 'Washington', 'District of Columbia', 42838),
    (107, '31 South Way', 'Washington', 'District of Columbia', 44569),
    (108, '8 Rigney Terrace', 'Albuquerque', 'New Mexico', 38464),
    (109, '52565 Rockefeller Street', 'Kansas City', 'Missouri', 51932),
    (110, '00323 Victoria Center', 'Las Vegas', 'Nevada', 27991),
    (111, '493 4th Pass', 'Pensacola', 'Florida', 32137),
    (112, '68 Moulton Road', 'Albuquerque', 'New Mexico', 69417),
    (113, '5 Petterle Point', 'Norman', 'Oklahoma', 37767),
    (114, '07578 Bunting Circle', 'Atlanta', 'Georgia', 26729),
    (115, '2 Merchant Way', 'Columbus', 'Ohio', 47564),
    (116, '6 Onsgard Hill', 'Lansing', 'Michigan', 20384),
    (117, '753 School Court', 'Little Rock', 'Arkansas', 39104),
    (118, '24 Elka Place', 'Jacksonville', 'Florida', 27457),
    (119, '45121 Sommers Street', 'Pomona', 'California', 72391),
    (120, '515 Buhler Hill', 'Colorado Springs', 'Colorado', 74185),
    (121, '49 Graceland Court', 'Arlington', 'Texas', 79898),
    (122, '8 Anthes Parkway', 'Providence', 'Rhode Island', 35311),
    (123, '4012 Mccormick Lane', 'Milwaukee', 'Wisconsin', 33194),
    (124, '52 Esker Circle', 'Portsmouth', 'New Hampshire', 70200),
    (125, '304 Del Mar Lane', 'New Orleans', 'Louisiana', 53831),
    (126, '64 Spenser Drive', 'Savannah', 'Georgia', 70956),
    (127, '385 Straubel Hill', 'San Antonio', 'Texas', 70390),
    (128, '54054 Fisk Lane', 'Norfolk', 'Virginia', 18943),
    (129, '40 Luster Junction', 'Houston', 'Texas', 67151),
    (130, '26190 Upham Drive', 'Seattle', 'Washington', 47904),
    (131, '63 Carey Plaza', 'Reno', 'Nevada', 61516),
    (132, '7640 North Lane', 'Migrate', 'Kentucky', 50982),
    (133, '66899 Leroy Avenue', 'Mobile', 'Alabama', 48365),
    (134, '93767 Schmedeman Crossing', 'Jackson', 'Mississippi', 91184),
    (135, '58 Di Loreto Street', 'Minneapolis', 'Minnesota', 85048),
    (136, '970 Manitowish Park', 'Greensboro', 'North Carolina', 33825),
    (137, '0 Nevada Parkway', 'Charlotte', 'North Carolina', 14519),
    (138, '713 Kinsman Crossing', 'Sparks', 'Nevada', 79263),
    (139, '6 Boyd Crossing', 'Nashville', 'Tennessee', 62577),
    (140, '87113 Atwood Way', 'White Plains', 'New York', 48878),
    (141, '51486 Southridge Plaza', 'Muncie', 'Indiana', 89420),
    (142, '3706 Pine View Trail', 'Norman', 'Oklahoma', 34853),
    (143, '9 Twin Pines Road', 'San Antonio', 'Texas', 13791),
    (144, '7090 Scott Park', 'Naples', 'Florida', 37896),
    (145, '83139 Washington Parkway', 'Fresno', 'California', 88592),
    (146, '29751 Eggendart Terrace', 'Silver Spring', 'Maryland', 87974),
    (147, '61 Colorado Street', 'Washington', 'District of Columbia', 66885),
    (148, '805 La Follette Trail', 'Fort Wayne', 'Indiana', 17678),
    (149, '483 Huxley Parkway', 'Roanoke', 'Virginia', 37808),
    (150, '7013 Messerschmidt Pass', 'Punta Gorda', 'Florida', 16809),
    (151, '541 Loomis Alley', 'Atlanta', 'Georgia', 74078),
    (152, '0 Hollow Ridge Avenue', 'Columbus', 'Georgia', 99289),
    (153, '8 Farwell Park', 'Fort Lauderdale', 'Florida', 66096),
    (154, '39736 Mcbride Center', 'Fort Lauderdale', 'Florida', 83912),
    (155, '3260 Northport Junction', 'Jamaica', 'New York', 14152),
    (156, '589 Melby Hill', 'Dallas', 'Texas', 24070),
    (157, '1 Bay Street', 'Milwaukee', 'Wisconsin', 71541),
    (158, '4217 Pennsylvania Point', 'Boise', 'Idaho', 70115),
    (159, '92579 Mallory Alley', 'Tulsa', 'Oklahoma', 41823),
    (160, '803 Kinsman Center', 'Washington', 'District of Columbia', 19482),
    (161, '3807 Darwin Road', 'Richmond', 'Virginia', 18923),
    (162, '9 Debra Way', 'Hartford', 'Connecticut', 40905),
    (163, '93984 7th Lane', 'Lexington', 'Kentucky', 89924),
    (164, '93388 Schurz Place', 'Macon', 'Georgia', 93116),
    (165, '2 Garrison Trail', 'Topeka', 'Kansas', 59432),
    (166, '26 Weeping Birch Alley', 'Dallas', 'Texas', 47613),
    (167, '2 Sullivan Park', 'Knoxville', 'Tennessee', 45222),
    (168, '51372 Dapin Circle', 'New Hyde Park', 'New York', 71559),
    (169, '81453 Shopko Parkway', 'Manchester', 'New Hampshire', 44428),
    (170, '8 Logan Trail', 'Fresno', 'California', 80372),
    (171, '34 Cordelia Place', 'Anchorage', 'Alaska', 47761),
    (172, '4041 Lakewood Plaza', 'Fargo', 'North Dakota', 70019),
    (173, '89 Sage Court', 'Pocatello', 'Idaho', 19169),
    (174, '873 Twin Pines Alley', 'Richmond', 'California', 79079),
    (175, '12 Butterfield Park', 'Pasadena', 'California', 60279),
    (176, '4 Mcbride Plaza', 'El Paso', 'Texas', 91334),
    (177, '14921 Lukken Parkway', 'Huntington', 'West Virginia', 53222),
    (178, '384 Dawn Road', 'New York City', 'New York', 59202),
    (179, '371 Hayes Plaza', 'Lima', 'Ohio', 97090),
    (180, '93684 Dahle Avenue', 'San Diego', 'California', 16853),
    (181, '14 Summer Ridge Trail', 'Austin', 'Texas', 83723),
    (182, '89792 Tennyson Terrace', 'Mobile', 'Alabama', 75739),
    (183, '408 Florence Place', 'Santa Monica', 'California', 64564),
    (184, '2884 Nevada Trail', 'Oklahoma City', 'Oklahoma', 48062),
    (185, '6698 Rockefeller Junction', 'New York City', 'New York', 42835),
    (186, '7 Burrows Crossing', 'Louisville', 'Kentucky', 72285),
    (187, '2 Colorado Crossing', 'Port Saint Lucie', 'Florida', 99947),
    (188, '39 Clarendon Trail', 'Fresno', 'California', 26938),
    (189, '53464 Carey Terrace', 'Denver', 'Colorado', 43100),
    (190, '1821 Spenser Place', 'Chicago', 'Illinois', 81083),
    (191, '60077 Pierstorff Road', 'Missoula', 'Montana', 92562),
    (192, '55620 Sutteridge Street', 'West Palm Beach', 'Florida', 41091),
    (193, '305 Trailsway Terrace', 'Peoria', 'Illinois', 98842),
    (194, '50390 Mandrake Crossing', 'Fort Smith', 'Arkansas', 87112),
    (195, '1052 Sommers Trail', 'New York City', 'New York', 14764),
    (196, '50380 Melby Drive', 'Memphis', 'Tennessee', 39936),
    (197, '07 Banding Terrace', 'Decatur', 'Georgia', 36663),
    (198, '42851 Dwight Alley', 'Lexington', 'Kentucky', 64178),
    (199, '6 Kenwood Center', 'Pasadena', 'California', 67848),
    (200, '8 Muir Circle', 'Cleveland', 'Ohio', 68469),
    (201, '4200 Menomonie Court', 'Miami Beach', 'Florida', 91024),
    (202, '4230 Talisman Park', 'Killeen', 'Texas', 64974),
    (203, '766 Ridgeview Way', 'North Little Rock', 'Arkansas', 84250),
    (204, '99 Sommers Place', 'Port Charlotte', 'Florida', 49180),
    (205, '34511 Mosinee Terrace', 'San Bernardino', 'California', 94486),
    (206, '375 4th Court', 'Buffalo', 'New York', 87371),
    (207, '5151 North Plaza', 'Jacksonville', 'Florida', 51281),
    (208, '2742 Kropf Junction', 'Vancouver', 'Washington', 73381),
    (209, '78 Farmco Terrace', 'Columbus', 'Ohio', 53222),
    (210, '9 Judy Park', 'Austin', 'Texas', 72458),
    (211, '651 High Crossing Alley', 'Tulsa', 'Oklahoma', 31992),
    (212, '742 Springview Lane', 'Warren', 'Ohio', 69429),
    (213, '7 Roxbury Junction', 'Colorado Springs', 'Colorado', 50369),
    (214, '3 Oxford Court', 'Jamaica', 'New York', 95682),
    (215, '7555 Fulton Plaza', 'Fresno', 'California', 69481),
    (216, '145 Anniversary Center', 'Stockton', 'California', 81125),
    (217, '82 Homewood Hill', 'Houston', 'Texas', 87499),
    (218, '982 East Terrace', 'Peoria', 'Illinois', 17053),
    (219, '916 Farwell Terrace', 'Milwaukee', 'Wisconsin', 23004),
    (220, '74271 Granby Circle', 'Columbus', 'Ohio', 32325),
    (221, '285 Melby Center', 'Reno', 'Nevada', 44161),
    (222, '750 Donald Alley', 'El Paso', 'Texas', 33371),
    (223, '9 Banding Plaza', 'Birmingham', 'Alabama', 39942),
    (224, '9 Spaight Terrace', 'New Orleans', 'Louisiana', 22048),
    (225, '8 Sullivan Street', 'Tulsa', 'Oklahoma', 64541),
    (226, '0 Crest Line Avenue', 'San Antonio', 'Texas', 94958),
    (227, '35244 Gulseth Avenue', 'Mesa', 'Arizona', 80649),
    (228, '592 Raven Hill', 'Oakland', 'California', 44280),
    (229, '5734 Almo Road', 'Columbia', 'South Carolina', 44674),
    (230, '1154 Vidon Crossing', 'Lubbock', 'Texas', 33171),
    (231, '3 Bayside Parkway', 'Kingsport', 'Tennessee', 29943),
    (232, '18 Pennsylvania Avenue', 'Decatur', 'Georgia', 96129),
    (233, '2 Sutteridge Court', 'New Orleans', 'Louisiana', 34712),
    (234, '7 Columbus Street', 'Jersey City', 'New Jersey', 93483),
    (235, '24 Mccormick Trail', 'Billings', 'Montana', 21974),
    (236, '19958 Merchant Hill', 'Charlotte', 'North Carolina', 14239),
    (237, '69023 Monument Junction', 'Ridgely', 'Maryland', 59398),
    (238, '56909 Cottonwood Park', 'Fort Worth', 'Texas', 49936),
    (239, '26 Florence Pass', 'El Paso', 'Texas', 54337),
    (240, '9030 Dorton Way', 'Philadelphia', 'Pennsylvania', 52634),
    (241, '92879 Meadow Vale Road', 'Los Angeles', 'California', 46480),
    (242, '33563 Arizona Park', 'Aurora', 'Colorado', 56130),
    (243, '35 Clove Center', 'Pittsburgh', 'Pennsylvania', 17458),
    (244, '490 Cascade Circle', 'Berkeley', 'California', 14996),
    (245, '66 Arrowood Street', 'Ogden', 'Utah', 67396),
    (246, '13619 Homewood Road', 'San Antonio', 'Texas', 62653),
    (247, '5897 Monument Parkway', 'Cumming', 'Georgia', 70560),
    (248, '23 Sachtjen Circle', 'Newton', 'Massachusetts', 16099),
    (249, '22 Rutledge Drive', 'Galveston', 'Texas', 81909),
    (250, '4 Haas Court', 'Texarkana', 'Texas', 40450),
    (251, '661 East Terrace', 'Fairbanks', 'Alaska', 96805),
    (252, '08075 Stoughton Alley', 'Los Angeles', 'California', 59134),
    (253, '31630 Pawling Point', 'Sacramento', 'California', 54253),
    (254, '435 Cody Parkway', 'Syracuse', 'New York', 52186),
    (255, '87 5th Point', 'Portland', 'Oregon', 51215),
    (256, '8 Thierer Place', 'Albuquerque', 'New Mexico', 66691),
    (257, '320 Holy Cross Alley', 'Harrisburg', 'Pennsylvania', 95909),
    (258, '1683 Donald Terrace', 'Columbia', 'South Carolina', 81427),
    (259, '5383 Knutson Street', 'Lexington', 'Kentucky', 67994),
    (260, '0378 Hoffman Plaza', 'New Hyde Park', 'New York', 78805),
    (261, '7506 Hagan Plaza', 'Suffolk', 'Virginia', 40258),
    (262, '070 Bonner Street', 'Fort Wayne', 'Indiana', 59783),
    (263, '681 Thompson Point', 'Omaha', 'Nebraska', 25635),
    (264, '36941 Hintze Junction', 'Peoria', 'Illinois', 15880),
    (265, '4 Duke Circle', 'Nashville', 'Tennessee', 55558),
    (266, '0713 Nancy Street', 'Mesa', 'Arizona', 34925),
    (267, '07 Iowa Road', 'Decatur', 'Georgia', 59936),
    (268, '9666 Saint Paul Center', 'Albuquerque', 'New Mexico', 18554),
    (269, '0 Mariners Cove Drive', 'Sarasota', 'Florida', 67042),
    (270, '889 Ludington Crossing', 'Vancouver', 'Washington', 13159),
    (271, '7 Atwood Terrace', 'Colorado Springs', 'Colorado', 12270),
    (272, '0 Forest Dale Center', 'San Diego', 'California', 84171),
    (273, '28 Loomis Pass', 'Schenectady', 'New York', 29569),
    (274, '5 Orin Park', 'Ogden', 'Utah', 93054),
    (275, '5449 Bellgrove Avenue', 'York', 'Pennsylvania', 29511),
    (276, '7 Lukken Circle', 'Des Moines', 'Iowa', 55347),
    (277, '1 Ramsey Road', 'Birmingham', 'Alabama', 12347),
    (278, '59 Meadow Vale Center', 'Boston', 'Massachusetts', 47754),
    (279, '6112 Sundown Avenue', 'Houston', 'Texas', 91954),
    (280, '5192 Lawn Pass', 'Pittsburgh', 'Pennsylvania', 52244),
    (281, '095 Lukken Point', 'Seattle', 'Washington', 35685),
    (282, '40096 Dottie Lane', 'Helena', 'Montana', 24304),
    (283, '7 Pierstorff Hill', 'Honolulu', 'Hawaii', 40934),
    (284, '547 Vermont Place', 'Phoenix', 'Arizona', 61452),
    (285, '3849 Spohn Circle', 'Baltimore', 'Maryland', 89059),
    (286, '236 Jenna Center', 'Jefferson City', 'Missouri', 50197),
    (287, '216 Mandrake Circle', 'Tampa', 'Florida', 65411),
    (288, '452 Annamark Park', 'Long Beach', 'California', 94909),
    (289, '100 Tony Road', 'Tulsa', 'Oklahoma', 89542),
    (290, '9 Waywood Pass', 'Houston', 'Texas', 67597),
    (291, '129 Straubel Alley', 'Fort Pierce', 'Florida', 12523),
    (292, '3 Shoshone Place', 'Anderson', 'South Carolina', 84362),
    (293, '328 Mayer Parkway', 'Mesa', 'Arizona', 66241),
    (294, '9992 North Pass', 'Cleveland', 'Ohio', 75656),
    (295, '5 Toban Court', 'Providence', 'Rhode Island', 73422),
    (296, '8010 Mesta Way', 'Lincoln', 'Nebraska', 61513),
    (297, '6267 Gale Plaza', 'Akron', 'Ohio', 76154),
    (298, '23769 Tennessee Park', 'Canton', 'Ohio', 50055),
    (299, '9228 Thackeray Trail', 'Baton Rouge', 'Louisiana', 31458),
    (300, '764 Southridge Point', 'Richmond', 'Virginia', 79110),
    (301, '98 Browning Terrace', 'Atlanta', 'Georgia', 20144),
    (302, '71 Bultman Street', 'Waterbury', 'Connecticut', 84557),
    (303, '90 Lukken Way', 'Rochester', 'New York', 49486),
    (304, '7704 Spaight Pass', 'Houston', 'Texas', 56491),
    (305, '1 Farragut Hill', 'Spokane', 'Washington', 47350),
    (306, '51 Sage Point', 'Monticello', 'Minnesota', 89094),
    (307, '35 Forest Center', 'Fort Worth', 'Texas', 57114),
    (308, '741 Jana Crossing', 'Santa Fe', 'New Mexico', 19806),
    (309, '45 Pepper Wood Drive', 'Washington', 'District of Columbia', 53961),
    (310, '4 Annamark Pass', 'Worcester', 'Massachusetts', 19586),
    (311, '2 Daystar Place', 'Manchester', 'New Hampshire', 52587),
    (312, '4734 Mcguire Circle', 'Santa Barbara', 'California', 24173),
    (313, '8779 Chinook Court', 'Akron', 'Ohio', 34473),
    (314, '5564 Packers Parkway', 'Akron', 'Ohio', 57241),
    (315, '09743 Fieldstone Way', 'Mobile', 'Alabama', 16094),
    (316, '2 South Circle', 'Phoenix', 'Arizona', 15702),
    (317, '74117 Kipling Drive', 'Chattanooga', 'Tennessee', 43351),
    (318, '86 Birchwood Crossing', 'Milwaukee', 'Wisconsin', 92645),
    (319, '96 Carpenter Junction', 'Macon', 'Georgia', 88096),
    (320, '3 Anniversary Trail', 'Cincinnati', 'Ohio', 78088),
    (321, '9 Schlimgen Hill', 'Austin', 'Texas', 18141),
    (322, '74258 Upham Terrace', 'Phoenix', 'Arizona', 27833),
    (323, '65248 Steensland Circle', 'El Paso', 'Texas', 70965),
    (324, '89477 West Court', 'Reno', 'Nevada', 87167),
    (325, '02 Russell Crossing', 'Omaha', 'Nebraska', 46298),
    (326, '5 Northland Plaza', 'Mesa', 'Arizona', 30726),
    (327, '025 Del Mar Lane', 'South Lake Tahoe', 'California', 39946),
    (328, '416 Thierer Parkway', 'Trenton', 'New Jersey', 45472),
    (329, '8 Esch Place', 'El Paso', 'Texas', 15160),
    (330, '396 Truax Plaza', 'Miami', 'Florida', 29064),
    (331, '2702 Buell Alley', 'Sacramento', 'California', 17352),
    (332, '23824 Kingsford Lane', 'Jackson', 'Mississippi', 48036),
    (333, '0 Reindahl Street', 'Springfield', 'Missouri', 35208),
    (334, '17327 Harbort Park', 'Fresno', 'California', 14756),
    (335, '0796 Hoepker Place', 'El Paso', 'Texas', 30427),
    (336, '5290 Bluejay Crossing', 'Saint Louis', 'Missouri', 91744),
    (337, '4238 Blaine Place', 'Kansas City', 'Missouri', 49075),
    (338, '92 Corry Plaza', 'Madison', 'Wisconsin', 96722),
    (339, '98420 Schiller Plaza', 'Canton', 'Ohio', 50148),
    (340, '57843 Portage Hill', 'Delray Beach', 'Florida', 17730),
    (341, '66 Onsgard Lane', 'Los Angeles', 'California', 30260),
    (342, '27 Spenser Street', 'Trenton', 'New Jersey', 83032),
    (343, '81092 Bowman Way', 'Philadelphia', 'Pennsylvania', 78031),
    (344, '029 Carey Way', 'San Bernardino', 'California', 52997),
    (345, '93616 Bellgrove Drive', 'Harrisburg', 'Pennsylvania', 47738),
    (346, '106 Macpherson Trail', 'Greenville', 'South Carolina', 99327),
    (347, '7 Namekagon Way', 'Miami', 'Florida', 62161),
    (348, '849 Crest Line Trail', 'Naples', 'Florida', 90944),
    (349, '45156 Loftsgordon Parkway', 'Houston', 'Texas', 20061),
    (350, '656 Annamark Alley', 'Wilmington', 'Delaware', 40422),
    (351, '13413 Artisan Plaza', 'Austin', 'Texas', 27287),
    (352, '6 Golden Leaf Lane', 'Richmond', 'Virginia', 97099),
    (353, '512 Eastlawn Parkway', 'Stockton', 'California', 56458),
    (354, '1665 Thierer Street', 'Washington', 'District of Columbia', 38441),
    (355, '04760 Brentwood Parkway', 'Fort Smith', 'Arkansas', 29227),
    (356, '6924 Forest Pass', 'Austin', 'Texas', 98594),
    (357, '6 Dahle Way', 'Naples', 'Florida', 12240),
    (358, '514 Northland Road', 'New York City', 'New York', 58331),
    (359, '66870 Superior Circle', 'Memphis', 'Tennessee', 15822),
    (360, '622 Becker Point', 'Lexington', 'Kentucky', 57831),
    (361, '50 Meadow Valley Place', 'Abilene', 'Texas', 24962),
    (362, '56221 Clyde Gallagher Crossing', 'South Bend', 'Indiana', 84260),
    (363, '1408 Macpherson Junction', 'Little Rock', 'Arkansas', 64005),
    (364, '2 Fordem Circle', 'Charlotte', 'North Carolina', 36551),
    (365, '4913 Loomis Park', 'Houston', 'Texas', 29623),
    (366, '0990 Clyde Gallagher Point', 'Indianapolis', 'Indiana', 14912),
    (367, '23052 Maple Wood Pass', 'Sacramento', 'California', 79353),
    (368, '8 Redwing Circle', 'Davenport', 'Iowa', 34026),
    (369, '84 Caliangt Avenue', 'Denver', 'Colorado', 15034),
    (370, '6456 Macpherson Avenue', 'Albany', 'New York', 49877),
    (371, '75 Marquette Alley', 'San Jose', 'California', 46118),
    (372, '553 Northland Drive', 'Houston', 'Texas', 47239),
    (373, '07 Eliot Street', 'Anaheim', 'California', 86207),
    (374, '720 Bobwhite Trail', 'Lynchburg', 'Virginia', 84572),
    (375, '98318 Mcguire Point', 'Las Vegas', 'Nevada', 99247),
    (376, '174 Hollow Ridge Parkway', 'Dayton', 'Ohio', 44991),
    (377, '8557 Anthes Circle', 'Richmond', 'Virginia', 20484),
    (378, '87 Alpine Plaza', 'Springfield', 'Illinois', 22723),
    (379, '23 Hintze Avenue', 'Dallas', 'Texas', 76157),
    (380, '7 Oriole Center', 'Fort Lauderdale', 'Florida', 47975),
    (381, '788 Emmet Drive', 'Birmingham', 'Alabama', 16682),
    (382, '839 Mandrake Center', 'Atlanta', 'Georgia', 32318),
    (383, '6558 Kingsford Crossing', 'Green Bay', 'Wisconsin', 19313),
    (384, '7 Golden Leaf Point', 'Columbus', 'Ohio', 48606),
    (385, '60 Service Lane', 'Port Saint Lucie', 'Florida', 85206),
    (386, '4921 Chive Plaza', 'Los Angeles', 'California', 58894),
    (387, '4 Dapin Lane', 'Pompano Beach', 'Florida', 96114),
    (388, '68 Buena Vista Hill', 'Detroit', 'Michigan', 13293),
    (389, '230 Burning Wood Plaza', 'Olympia', 'Washington', 98848),
    (390, '9 Fieldstone Parkway', 'Cleveland', 'Ohio', 92525),
    (391, '44122 Fremont Parkway', 'El Paso', 'Texas', 63404),
    (392, '42877 Buena Vista Avenue', 'Louisville', 'Kentucky', 67625),
    (393, '4690 Ridgeway Point', 'Lafayette', 'Louisiana', 49581),
    (394, '14 Fisk Drive', 'Birmingham', 'Alabama', 20993),
    (395, '47 Mayfield Trail', 'York', 'Pennsylvania', 80955),
    (396, '7 2nd Circle', 'New York City', 'New York', 67164),
    (397, '2 Summer Ridge Trail', 'Vero Beach', 'Florida', 25626);


INSERT INTO "location" (location_id, location_name, address_id, site_manager_id)
VALUES
    (1, 'Lake View', 1, null),
    (2, 'Jacksonville', 2, null),
    (3, 'Naples', 3, null),
    (4, 'Eastlawn', 4, null),
    (5, 'Santa Monica', 5, null),
    (6, 'Los Angeles', 6, null),
    (7, 'Arlington', 7, null),
    (8, 'Irving', 8, null),
    (9, 'Augusta', 9, null),
    (10, 'Farragut Junction', 10, null);

INSERT INTO "department" (dept_id, dept_name, manager_id, location_id)
VALUES
    (1, 'Sales', null, 1),
    (2, 'Services', null, 1),
    (3, 'Human Resources', null, 1),
    (4, 'Sales', null, 2),
    (5, 'Services', null, 2),
    (6, 'Human Resources', null, 2),
    (7, 'Sales', null, 3),
    (8, 'Services', null, 3),
    (9, 'Human Resources', null, 3),
    (10, 'Sales', null, 4),
    (11, 'Services', null, 4),
    (12, 'Human Resources', null, 4),
    (13, 'Sales', null, 5),
    (14, 'Services', null, 5),
    (15, 'Human Resources', null, 5),
    (16, 'Sales', null, 6),
    (17, 'Services', null, 6),
    (18, 'Human Resources', null, 6),
    (19, 'Sales', null, 7),
    (20, 'Services', null, 7),
    (21, 'Human Resources', null, 7),
    (22, 'Sales', null, 8),
    (23, 'Services', null, 8),
    (24, 'Human Resources', null, 8),
    (25, 'Sales', null, 9),
    (26, 'Services', null, 9),
    (27, 'Human Resources', null, 9),
    (28, 'Sales', null, 10),
    (29, 'Services', null, 10),
    (30, 'Human Resources', null, 10);

INSERT INTO "employee" (id, ssn, first_name, middle_init, last_name, gender, dob, phone_no, email, work_location_id, salary, date_started, address_id, hours_worked, employee_type, is_active, user_role, username, password)
VALUES
    (1, '470-07-8224', 'Mirabel', 'J', 'Crank', 'MALE', '1990-03-17', '844-631-7031', 'mcrank0@chronoengine.com', 1, 40767.94, '2020-03-06', 11, 808.41, 'SITE_MANAGER', true, 'ADMIN', 'mcrank0', 'Qy7VHO'),
    (2, '651-58-8819', 'Bibbye', 'P', 'Casone', 'MALE', '1976-12-22', '685-121-7611', 'bcasone1@imdb.com', 2, 49248.94, '2019-12-12', 12, 876.14, 'SITE_MANAGER', true, 'ADMIN', 'bcasone1', 'F0cG2ravLS'),
    (3, '217-69-6510', 'Gracie', 'A', 'Napoleone', 'FEMALE', '1980-12-02', '919-426-4261', 'gnapoleone2@ed.gov', 3, 64729.58, '2018-11-11', 13, 394.04, 'SITE_MANAGER', true, 'ADMIN', 'gnapoleone2', 'DLwQAj'),
    (4, '281-66-1157', 'Deeyn', 'Y', 'Libbie', 'FEMALE', '1975-09-11', '411-437-6488', 'dlibbie3@addtoany.com', 4, 49812.07, '2017-10-13', 14, 222.07, 'SITE_MANAGER', true, 'ADMIN', 'dlibbie3', 'YuaLixKtSsO3'),
    (5, '325-63-9189', 'Monique', 'X', 'Sallings', 'FEMALE', '1990-08-07', '714-426-6687', 'msallings4@paypal.com', 5, 51193.36, '2017-06-10', 15, 105.35, 'SITE_MANAGER', true, 'ADMIN', 'msallings4', 'FZ2ga5m'),
    (6, '369-13-5686', 'Taddeo', 'C', 'Bolderson', 'MALE', '1997-10-05', '693-707-1430', 'tbolderson5@hugedomains.com', 6, 46996.47, '2017-09-22', 16, 334.42, 'SITE_MANAGER', true, 'ADMIN', 'tbolderson5', 'ONVHfDf6'),
    (7, '227-53-6839', 'Sybille', 'F', 'Yakushkev', 'MALE', '1981-11-23', '605-336-7468', 'syakushkev6@prlog.org', 7, 44389.33, '2017-05-01', 17, 729.67, 'SITE_MANAGER', true, 'ADMIN', 'syakushkev6', 'rI8KVhZDs'),
    (8, '651-46-3797', 'Merv', 'K', 'Astridge', 'FEMALE', '1998-07-16', '525-481-0116', 'mastridge7@google.nl', 8, 40042.95, '2018-05-13', 18, 278.26, 'SITE_MANAGER', true, 'ADMIN', 'mastridge7', 'vj3l18ngMxQ'),
    (9, '267-73-1401', 'Carri', 'H', 'Brandham', 'MALE', '1977-12-11', '149-311-7477', 'cbrandham8@nasa.gov', 9, 48614.32, '2018-01-21', 19, 710.04, 'SITE_MANAGER', true, 'ADMIN', 'cbrandham8', 'JGvrb07f'),
    (10, '215-12-4546', 'Tedi', 'F', 'Petru', 'MALE', '1974-07-24', '703-102-5892', 'tpetru9@cmu.edu', 10, 55508.5, '2019-09-29', 20, 298.53, 'SITE_MANAGER', true, 'ADMIN', 'tpetru9', '4h363Uw9ZAE'),
    (11, '306-26-8724', 'Leeanne', 'H', 'Dhenin', 'MALE', '1975-04-13', '289-286-7890', 'ldhenin0@dot.gov', 1, 52610.72, '2018-03-24', 396, 819.46, 'MANAGER', true, 'ADMIN', 'ldhenin0', 'eEqiMR7'),
    (12, '117-90-7637', 'Javier', 'S', 'Govinlock', 'FEMALE', '1998-05-03', '234-406-6641', 'jgovinlock1@netvibes.com', 1, 64063.91, '2018-11-13', 21, 375.3, 'MANAGER', true, 'ADMIN', 'jgovinlock1', 'RxrJKuVhK'),
    (13, '624-45-7912', 'Laverna', 'B', 'Atmore', 'MALE', '1990-07-15', '945-379-0778', 'latmore2@ft.com', 1, 43724.57, '2019-07-05', 22, 219.12, 'MANAGER', true, 'ADMIN', 'latmore2', 'tnII6GOHO0'),
    (14, '841-31-7575', 'Christalle', 'L', 'Bickle', 'FEMALE', '1991-03-10', '661-384-2942', 'cbickle3@mayoclinic.com', 2, 61838.27, '2018-08-20', 23, 120.31, 'MANAGER', true, 'ADMIN', 'cbickle3', 'MJoCyave'),
    (15, '466-35-9474', 'Janina', 'I', 'Mantram', 'FEMALE', '1982-01-01', '426-480-7800', 'jmantram4@biglobe.ne.jp', 2, 48270.32, '2019-12-01', 24, 770.15, 'MANAGER', true, 'ADMIN', 'jmantram4', '59j65IDb'),
    (16, '289-82-1320', 'Carney', 'G', 'Minster', 'MALE', '1981-03-16', '421-512-2566', 'cminster5@apple.com', 2, 52131.81, '2019-02-03', 25, 357.18, 'MANAGER', true, 'ADMIN', 'cminster5', 'k0ZgsutYI'),
    (17, '369-04-1472', 'Nicoli', 'J', 'De Gregorio', 'FEMALE', '1983-08-21', '485-273-3412', 'ndegregorio6@indiegogo.com', 3, 42740.21, '2018-11-01', 26, 826.38, 'MANAGER', true, 'ADMIN', 'ndegregorio6', 'AJIycHLF86j'),
    (18, '780-52-4265', 'Orland', 'Z', 'Cokely', 'FEMALE', '1982-10-11', '948-915-2711', 'ocokely7@bandcamp.com', 3, 58980.64, '2020-02-06', 27, 704.18, 'MANAGER', true, 'ADMIN', 'ocokely7', 'fsMkeQYs'),
    (19, '618-12-4705', 'Mavis', 'G', 'Lesaunier', 'MALE', '1999-06-11', '175-854-1977', 'mlesaunier8@icio.us', 3, 60637.28, '2018-05-07', 28, 88.8, 'MANAGER', true, 'ADMIN', 'mlesaunier8', '4aMSydfqV'),
    (20, '513-51-9392', 'Corine', 'Q', 'Brezlaw', 'FEMALE', '1974-10-09', '647-785-1391', 'cbrezlaw9@google.co.jp', 4, 41500.63, '2020-01-02', 29, 207.91, 'MANAGER', true, 'ADMIN', 'cbrezlaw9', 'rnmFHJgvYW'),
    (21, '452-53-1383', 'Rusty', 'M', 'Dyshart', 'FEMALE', '1972-06-30', '127-899-5820', 'rdysharta@ocn.ne.jp', 4, 58477.39, '2017-12-01', 30, 544.65, 'MANAGER', true, 'ADMIN', 'rdysharta', 'v5UqhPJG'),
    (22, '143-04-9844', 'Dredi', 'I', 'Colledge', 'MALE', '1975-11-26', '376-590-7212', 'dcolledgeb@reverbnation.com', 4, 64973.63, '2019-01-10', 31, 373.76, 'MANAGER', true, 'ADMIN', 'dcolledgeb', 'wrM3b1Mb'),
    (23, '439-40-6662', 'Lin', 'N', 'Defew', 'MALE', '1995-06-05', '669-738-8228', 'ldefewc@odnoklassniki.ru', 5, 45397.87, '2018-01-20', 32, 846.09, 'MANAGER', true, 'ADMIN', 'ldefewc', 'lZNuRfMiml'),
    (24, '433-50-6104', 'Hamlen', 'W', 'Le-Good', 'MALE', '1980-02-23', '383-897-6343', 'hlegoodd@google.fr', 5, 64744.87, '2018-12-01', 33, 226.23, 'MANAGER', true, 'ADMIN', 'hlegoodd', 'DYP14QQKsqc'),
    (25, '349-74-6210', 'Maximilianus', 'N', 'Mongenot', 'FEMALE', '1979-11-04', '138-495-3958', 'mmongenote@etsy.com', 5, 61600.99, '2017-11-05', 34, 359.15, 'MANAGER', true, 'ADMIN', 'mmongenote', 'xeeMDjgxJE'),
    (26, '204-29-8156', 'Papagena', 'H', 'Rump', 'MALE', '1973-01-03', '385-531-1834', 'prumpf@netlog.com', 6, 45018.14, '2018-10-21', 35, 771.2, 'MANAGER', true, 'ADMIN', 'prumpf', '3LSyjZm3'),
    (27, '606-74-8124', 'Sax', 'S', 'Hegley', 'FEMALE', '1990-03-09', '119-605-0924', 'shegleyg@adobe.com', 6, 42566.48, '2017-04-26', 36, 0.84, 'MANAGER', true, 'ADMIN', 'shegleyg', 'GXPLSUPb'),
    (28, '207-77-8708', 'Alayne', 'F', 'Kitteridge', 'FEMALE', '1989-01-13', '560-681-0961', 'akitteridgeh@geocities.com', 6, 64000.22, '2019-03-11', 37, 298.36, 'MANAGER', true, 'ADMIN', 'akitteridgeh', '0VBIk5W5Phu'),
    (29, '287-38-5440', 'Arv', 'K', 'Toms', 'MALE', '1988-03-11', '662-430-6106', 'atomsi@zdnet.com', 7, 50250.58, '2019-09-14', 38, 52.16, 'MANAGER', true, 'ADMIN', 'atomsi', 'cT7ktnlj'),
    (30, '321-41-9419', 'Hamlen', 'K', 'Primo', 'MALE', '1980-10-18', '504-352-6444', 'hprimoj@harvard.edu', 7, 62183.8, '2019-08-30', 39, 413.26, 'MANAGER', true, 'ADMIN', 'hprimoj', 'pgWVeS2Ab9o'),
    (31, '210-33-5340', 'Luigi', 'Z', 'Koop', 'MALE', '1990-11-22', '228-499-9647', 'lkoopk@boston.com', 7, 58209.35, '2019-10-08', 40, 446.17, 'MANAGER', true, 'ADMIN', 'lkoopk', 'bWEFQ0Hl8wI'),
    (32, '487-82-1293', 'Tony', 'N', 'Bingall', 'MALE', '1999-01-28', '207-490-4076', 'tbingalll@cbslocal.com', 8, 50964.77, '2017-08-22', 41, 718.13, 'MANAGER', true, 'ADMIN', 'tbingalll', 'JpzsfWsM6DU'),
    (33, '607-95-7855', 'Joni', 'R', 'Jurries', 'MALE', '1996-07-17', '769-365-5823', 'jjurriesm@google.de', 8, 47161.0, '2018-04-12', 42, 149.26, 'MANAGER', true, 'ADMIN', 'jjurriesm', 'ADHYSKmD97'),
    (34, '255-67-7828', 'Kristin', 'F', 'Ainscow', 'FEMALE', '1988-09-15', '795-361-5408', 'kainscown@seesaa.net', 8, 55813.49, '2018-06-21', 43, 795.73, 'MANAGER', true, 'ADMIN', 'kainscown', 'RqLkwZ0QB'),
    (35, '596-79-8577', 'Gregg', 'L', 'Rummer', 'FEMALE', '1986-03-20', '492-798-0743', 'grummero@mozilla.com', 9, 60799.66, '2017-11-01', 44, 893.41, 'MANAGER', true, 'ADMIN', 'grummero', 'sbtEjJMrEZ'),
    (36, '332-40-5320', 'Noe', 'K', 'Grimme', 'MALE', '1975-06-07', '577-823-1263', 'ngrimmep@apache.org', 9, 58221.39, '2018-03-02', 45, 446.48, 'MANAGER', true, 'ADMIN', 'ngrimmep', 'nYe0i7R1Gny'),
    (37, '351-17-5637', 'Chaunce', 'T', 'Pudge', 'MALE', '1996-07-24', '742-444-6104', 'cpudgeq@tinyurl.com', 9, 61698.82, '2018-05-21', 46, 516.51, 'MANAGER', true, 'ADMIN', 'cpudgeq', 'vdTfSNYg'),
    (38, '849-58-9638', 'Kally', 'M', 'Bakewell', 'FEMALE', '1979-07-18', '758-782-4785', 'kbakewellr@lycos.com', 10, 43010.32, '2019-08-06', 47, 427.4, 'MANAGER', true, 'ADMIN', 'kbakewellr', 'VrQgFjt70cy'),
    (39, '414-06-1545', 'Judah', 'A', 'Cruxton', 'MALE', '1993-09-03', '970-167-2399', 'jcruxtons@earthlink.net', 10, 68515.07, '2018-12-03', 48, 46.08, 'MANAGER', true, 'ADMIN', 'jcruxtons', 'zPHleoy2SH'),
    (40, '467-36-4151', 'Kanya', 'Y', 'Skittreal', 'MALE', '1999-06-20', '206-856-7292', 'kskittrealt@i2i.jp', 10, 44661.23, '2018-06-03', 49, 287.28, 'MANAGER', true, 'ADMIN', 'kskittrealt', 'JToyGN7r'),
    (41, '828-61-5420', 'Jocelin', 'M', 'Aspin', 'FEMALE', '1982-05-20', '814-785-9512', 'jaspin0@list-manage.com', 1, 62130.0, '2017-09-03', 397, 711.73, 'MECHANIC', true, 'MOD', 'jaspin0', '7H1LpvNwB'),
    (42, '685-21-5191', 'Dene', 'O', 'Schwander', 'FEMALE', '1986-01-28', '175-478-7362', 'dschwander1@imgur.com', 1, 64639.68, '2018-03-19', 50, 671.76, 'MECHANIC', true, 'MOD', 'dschwander1', 'ynZXrTAxwHFK'),
    (43, '589-06-1213', 'Basile', 'X', 'Himsworth', 'FEMALE', '1995-02-15', '178-447-0685', 'bhimsworth2@stanford.edu', 1, 61302.39, '2018-06-26', 51, 984.21, 'MECHANIC', true, 'MOD', 'bhimsworth2', 'kHFVHtaD'),
    (44, '173-15-7559', 'Fraze', 'H', 'Sprouls', 'FEMALE', '1981-10-26', '386-895-5413', 'fsprouls3@typepad.com', 2, 45361.18, '2020-02-13', 52, 916.13, 'MECHANIC', true, 'MOD', 'fsprouls3', 'ehdwamwX'),
    (45, '379-67-8458', 'Haywood', 'Q', 'Boughtwood', 'FEMALE', '1984-06-02', '554-699-0606', 'hboughtwood4@desdev.cn', 2, 57199.49, '2019-07-25', 53, 309.21, 'MECHANIC', true, 'MOD', 'hboughtwood4', 'Di5b9ha7r9kr'),
    (46, '765-54-6173', 'Kimberlyn', 'G', 'Lechmere', 'MALE', '1986-06-11', '256-515-3313', 'klechmere5@ucsd.edu', 2, 44135.69, '2017-05-28', 54, 78.74, 'MECHANIC', true, 'MOD', 'klechmere5', '0hIEw64tf'),
    (47, '399-28-3713', 'Shae', 'Z', 'Aldington', 'MALE', '1995-01-18', '933-555-9738', 'saldington6@cargocollective.com', 3, 52677.03, '2017-07-06', 55, 982.43, 'MECHANIC', true, 'MOD', 'saldington6', '7VItl6UTJH'),
    (48, '855-83-7359', 'Monique', 'J', 'Armfirld', 'MALE', '1987-06-17', '212-100-4942', 'marmfirld7@networkadvertising.org', 3, 53889.23, '2018-04-17', 56, 456.11, 'MECHANIC', true, 'MOD', 'marmfirld7', 'XF8V7rMk6BW'),
    (49, '521-35-4887', 'Wolfie', 'N', 'Mustin', 'MALE', '1974-01-28', '861-942-1845', 'wmustin8@infoseek.co.jp', 3, 57208.63, '2019-11-22', 57, 469.91, 'MECHANIC', true, 'MOD', 'wmustin8', 'jDOR2EPUeo'),
    (50, '788-01-4741', 'Gretel', 'V', 'Fullilove', 'FEMALE', '1976-11-25', '529-806-9468', 'gfullilove9@cnn.com', 4, 40438.53, '2017-10-11', 58, 390.46, 'MECHANIC', true, 'MOD', 'gfullilove9', 'kn7oUBiSk'),
    (51, '637-93-9193', 'Velma', 'H', 'Fey', 'FEMALE', '1980-07-02', '718-827-1983', 'vfeya@virginia.edu', 4, 68861.03, '2017-06-16', 59, 532.02, 'MECHANIC', true, 'MOD', 'vfeya', '7dPlN954'),
    (52, '864-92-6321', 'Brennen', 'V', 'Orts', 'FEMALE', '1998-08-24', '172-280-9384', 'bortsb@goodreads.com', 4, 47042.48, '2019-10-18', 60, 978.59, 'MECHANIC', true, 'MOD', 'bortsb', 'PIFbG7'),
    (53, '731-46-4489', 'Elbert', 'W', 'Huntingdon', 'MALE', '1971-11-09', '842-579-9390', 'ehuntingdonc@baidu.com', 5, 52106.78, '2018-02-18', 61, 137.22, 'MECHANIC', true, 'MOD', 'ehuntingdonc', 'Bz1XowEQDpRl'),
    (54, '335-35-8353', 'Beverlee', 'F', 'Murrey', 'FEMALE', '1972-07-25', '634-602-1694', 'bmurreyd@canalblog.com', 5, 41569.92, '2018-08-07', 62, 939.55, 'MECHANIC', true, 'MOD', 'bmurreyd', 'fTp4Feos6'),
    (55, '393-94-6710', 'Ailbert', 'V', 'McParlin', 'MALE', '1974-12-14', '449-697-3956', 'amcparline@chron.com', 5, 54240.57, '2018-10-24', 63, 87.06, 'MECHANIC', true, 'MOD', 'amcparline', 'eDMolZaSX4sX'),
    (56, '637-21-4913', 'Ina', 'F', 'Craine', 'MALE', '1998-07-12', '579-388-1705', 'icrainef@businesswire.com', 6, 53902.03, '2017-09-11', 64, 664.58, 'MECHANIC', true, 'MOD', 'icrainef', 'smh9xq50e'),
    (57, '577-33-3963', 'Halsey', 'G', 'Abbett', 'MALE', '1982-07-26', '639-284-7716', 'habbettg@bizjournals.com', 6, 56909.8, '2019-03-22', 65, 882.48, 'MECHANIC', true, 'MOD', 'habbettg', 'WQO1CPT'),
    (58, '640-32-3195', 'Eddy', 'E', 'Ollier', 'FEMALE', '1982-08-02', '156-219-2279', 'eollierh@vimeo.com', 6, 66643.74, '2018-06-04', 66, 908.04, 'MECHANIC', true, 'MOD', 'eollierh', 'fY13Ih6ShP'),
    (59, '319-10-2039', 'Sim', 'S', 'Heifer', 'MALE', '1998-04-24', '571-279-7759', 'sheiferi@ftc.gov', 7, 44217.96, '2018-11-29', 67, 220.18, 'MECHANIC', true, 'MOD', 'sheiferi', 'QCtluw05'),
    (60, '847-23-7195', 'Delinda', 'O', 'Goodbar', 'FEMALE', '1973-01-11', '890-798-2547', 'dgoodbarj@howstuffworks.com', 7, 42921.02, '2018-05-24', 68, 621.35, 'MECHANIC', true, 'MOD', 'dgoodbarj', 'ntFBCFQQ'),
    (61, '542-72-9461', 'Dannye', 'G', 'Truelock', 'MALE', '1992-07-01', '731-322-5975', 'dtruelockk@behance.net', 7, 42317.35, '2020-01-31', 69, 703.39, 'MECHANIC', true, 'MOD', 'dtruelockk', '91FGZteyAnq'),
    (62, '744-57-9246', 'Elly', 'O', 'Hauck', 'MALE', '1979-04-25', '751-311-1578', 'ehauckl@economist.com', 8, 47994.13, '2018-09-20', 70, 495.92, 'MECHANIC', true, 'MOD', 'ehauckl', 'wRVSX92'),
    (63, '319-10-9229', 'Carrissa', 'Q', 'Crinidge', 'FEMALE', '1998-10-31', '242-257-6130', 'ccrinidgem@wufoo.com', 8, 68351.35, '2020-03-05', 71, 705.46, 'MECHANIC', true, 'MOD', 'ccrinidgem', 'USdxLqAW5ZDt'),
    (64, '334-09-0423', 'Fawnia', 'C', 'Gleave', 'FEMALE', '1975-01-28', '957-398-2903', 'fgleaven@techcrunch.com', 8, 67388.41, '2018-10-05', 72, 785.69, 'MECHANIC', true, 'MOD', 'fgleaven', 'CRwOfzMX'),
    (65, '812-79-2091', 'Giulio', 'C', 'Mockes', 'FEMALE', '1974-02-13', '209-551-3055', 'gmockeso@vinaora.com', 9, 65100.99, '2017-06-14', 73, 32.69, 'MECHANIC', true, 'MOD', 'gmockeso', 'jK9u2pmv'),
    (66, '747-09-7273', 'Skippy', 'G', 'Gokes', 'FEMALE', '1971-01-01', '424-358-6951', 'sgokesp@goo.gl', 9, 46524.65, '2019-12-23', 74, 439.11, 'MECHANIC', true, 'MOD', 'sgokesp', 'XjbLxcHIl7Rl'),
    (67, '534-28-2242', 'Erie', 'A', 'Astie', 'MALE', '1972-01-22', '794-541-3217', 'eastieq@newyorker.com', 9, 40120.87, '2018-02-02', 75, 929.27, 'MECHANIC', true, 'MOD', 'eastieq', '6htoT9YXoR5T'),
    (68, '498-48-2826', 'Barclay', 'U', 'Sagar', 'FEMALE', '1975-04-19', '404-622-1858', 'bsagarr@thetimes.co.uk', 10, 68027.58, '2020-01-30', 76, 801.89, 'MECHANIC', true, 'MOD', 'bsagarr', '9UuQMDesm'),
    (69, '228-62-7438', 'Cleo', 'F', 'Menure', 'MALE', '1993-02-03', '911-421-6250', 'cmenures@businesswire.com', 10, 55799.53, '2017-08-27', 77, 369.7, 'MECHANIC', true, 'MOD', 'cmenures', 'fBOrGwMs9'),
    (70, '397-90-5324', 'Hadrian', 'N', 'Heinzler', 'MALE', '1970-12-13', '814-465-3669', 'hheinzlert@domainmarket.com', 10, 64784.0, '2019-12-23', 78, 139.79, 'MECHANIC', true, 'MOD', 'hheinzlert', 'nKh2uE2Enm'),
    (71, '314-22-4740', 'Vinny', 'I', 'Harry', 'FEMALE', '1983-07-02', '483-238-0859', 'vharry0@homestead.com', 1, 50609.58, '2020-03-08', 79, 530.13, 'SALES_ASSOCIATE', true, 'MOD', 'vharry0', 'P5iavN7A'),
    (72, '174-27-7535', 'Welch', 'H', 'Baelde', 'MALE', '1982-05-09', '519-806-4804', 'wbaelde1@europa.eu', 1, 66705.65, '2018-01-11', 80, 424.8, 'SALES_ASSOCIATE', true, 'MOD', 'wbaelde1', 'iTw0v024'),
    (73, '423-23-8691', 'Ingemar', 'C', 'Komorowski', 'MALE', '1983-04-15', '601-783-5534', 'ikomorowski2@time.com', 1, 62350.71, '2019-02-07', 81, 592.71, 'SALES_ASSOCIATE', true, 'MOD', 'ikomorowski2', 'shEtYwTO7wH'),
    (74, '742-41-8391', 'Roby', 'C', 'Mills', 'MALE', '1986-02-22', '415-992-7268', 'rmills3@4shared.com', 2, 56731.8, '2019-06-03', 82, 619.78, 'SALES_ASSOCIATE', true, 'MOD', 'rmills3', 'mHlc1XUs8B'),
    (75, '293-59-8839', 'Dalston', 'W', 'Southall', 'MALE', '1982-03-02', '417-388-4337', 'dsouthall4@latimes.com', 2, 44884.93, '2018-09-06', 83, 196.12, 'SALES_ASSOCIATE', true, 'MOD', 'dsouthall4', 'MPZpgBj'),
    (76, '505-25-9578', 'Flss', 'O', 'Musgrave', 'MALE', '1981-02-05', '861-982-6347', 'fmusgrave5@tiny.cc', 2, 49422.43, '2018-02-06', 84, 340.34, 'SALES_ASSOCIATE', true, 'MOD', 'fmusgrave5', 'nleD0QO'),
    (77, '319-20-3327', 'Dallas', 'B', 'Brozsset', 'FEMALE', '1977-10-31', '538-372-9715', 'dbrozsset6@apple.com', 3, 66332.43, '2020-01-01', 85, 261.56, 'SALES_ASSOCIATE', true, 'MOD', 'dbrozsset6', 'wUABAbMYu'),
    (78, '321-68-6273', 'Rubie', 'T', 'Adriani', 'FEMALE', '1970-11-05', '240-179-7775', 'radriani7@devhub.com', 3, 50928.86, '2018-05-19', 86, 29.25, 'SALES_ASSOCIATE', true, 'MOD', 'radriani7', '6hNtEoW'),
    (79, '855-94-3715', 'Stearne', 'H', 'Stranahan', 'FEMALE', '1993-10-03', '695-228-5445', 'sstranahan8@alibaba.com', 3, 60648.27, '2018-05-14', 87, 404.37, 'SALES_ASSOCIATE', true, 'MOD', 'sstranahan8', 'iV0TuMxh'),
    (80, '681-29-6873', 'Nathaniel', 'S', 'Gow', 'FEMALE', '1983-04-01', '582-105-1992', 'ngow9@bloglines.com', 4, 59926.29, '2018-04-26', 88, 225.26, 'SALES_ASSOCIATE', true, 'MOD', 'ngow9', 'YF4HK5Sn2QgT'),
    (81, '293-27-8625', 'Zaneta', 'E', 'Gooderidge', 'FEMALE', '1980-08-05', '230-493-3717', 'zgooderidgea@cdbaby.com', 4, 55764.27, '2019-01-20', 89, 6.04, 'SALES_ASSOCIATE', true, 'MOD', 'zgooderidgea', 'UpYyu2ayTQf'),
    (82, '647-75-9514', 'Thatch', 'Z', 'Leeman', 'FEMALE', '1989-06-22', '833-130-1680', 'tleemanb@vimeo.com', 4, 64618.04, '2019-06-27', 90, 556.7, 'SALES_ASSOCIATE', true, 'MOD', 'tleemanb', 'NM3v4hoJi'),
    (83, '543-22-2626', 'Glenn', 'B', 'Beteriss', 'FEMALE', '1998-06-21', '747-912-2941', 'gbeterissc@godaddy.com', 5, 63080.83, '2018-05-18', 91, 434.01, 'SALES_ASSOCIATE', true, 'MOD', 'gbeterissc', 'aHe4hH7'),
    (84, '563-26-0184', 'Merrie', 'E', 'Wixey', 'MALE', '1999-08-10', '864-708-2441', 'mwixeyd@bigcartel.com', 5, 67995.14, '2019-05-17', 92, 835.94, 'SALES_ASSOCIATE', true, 'MOD', 'mwixeyd', '2lp275lFHb1j'),
    (85, '856-51-4855', 'Herold', 'A', 'Strodder', 'MALE', '1997-01-05', '232-902-1074', 'hstroddere@technorati.com', 5, 69773.39, '2019-02-27', 93, 103.39, 'SALES_ASSOCIATE', true, 'MOD', 'hstroddere', 'gU1ox0k65zMj'),
    (86, '437-36-5948', 'Petronella', 'H', 'Jochanany', 'MALE', '1978-07-08', '614-438-3261', 'pjochananyf@taobao.com', 6, 56405.86, '2019-12-21', 94, 551.8, 'SALES_ASSOCIATE', true, 'MOD', 'pjochananyf', 'PCj0ULQ'),
    (87, '737-71-5889', 'Pete', 'E', 'Keefe', 'MALE', '1992-03-30', '903-387-6887', 'pkeefeg@tmall.com', 6, 42811.46, '2018-01-03', 95, 685.45, 'SALES_ASSOCIATE', true, 'MOD', 'pkeefeg', 'vVI0NymP5rC'),
    (88, '330-83-0348', 'Lyssa', 'M', 'Jeanon', 'MALE', '1976-06-06', '136-927-0099', 'ljeanonh@cafepress.com', 6, 66965.75, '2018-01-30', 96, 588.67, 'SALES_ASSOCIATE', true, 'MOD', 'ljeanonh', 'D0C4qdiwuO'),
    (89, '549-85-2558', 'Edin', 'A', 'Machon', 'MALE', '1971-09-09', '515-193-9234', 'emachoni@sina.com.cn', 7, 66635.74, '2019-04-28', 97, 28.78, 'SALES_ASSOCIATE', true, 'MOD', 'emachoni', 'u3E0eDKVf'),
    (90, '830-45-0555', 'Kelley', 'I', 'Gellion', 'MALE', '1975-11-21', '263-166-0087', 'kgellionj@google.com.hk', 7, 54397.44, '2018-11-06', 98, 68.12, 'SALES_ASSOCIATE', true, 'MOD', 'kgellionj', 'D3cBQmQLto'),
    (91, '147-35-7589', 'Emmett', 'G', 'Bickerdike', 'FEMALE', '1997-10-11', '866-879-8105', 'ebickerdikek@xrea.com', 7, 44522.04, '2017-06-06', 99, 688.19, 'SALES_ASSOCIATE', true, 'MOD', 'ebickerdikek', 'BPSacLXW4oxY'),
    (92, '370-71-3911', 'Salim', 'S', 'Crain', 'FEMALE', '1991-12-25', '586-687-1009', 'scrainl@unicef.org', 8, 61665.72, '2019-06-21', 100, 72.84, 'SALES_ASSOCIATE', true, 'MOD', 'scrainl', 'AeQ2WNYk'),
    (93, '833-82-9759', 'Petronia', 'X', 'Figures', 'MALE', '1995-02-08', '599-368-9079', 'pfiguresm@census.gov', 8, 58346.73, '2017-05-06', 101, 84.21, 'SALES_ASSOCIATE', true, 'MOD', 'pfiguresm', 'uMSvLGa'),
    (94, '836-24-4811', 'Minna', 'Z', 'Cowlishaw', 'FEMALE', '1994-01-23', '129-398-0296', 'mcowlishawn@facebook.com', 8, 64718.51, '2020-02-22', 102, 484.89, 'SALES_ASSOCIATE', true, 'MOD', 'mcowlishawn', '1JVgXyO'),
    (95, '462-87-1276', 'Essy', 'W', 'Loddy', 'MALE', '1990-01-01', '257-110-0648', 'eloddyo@kickstarter.com', 9, 51620.0, '2019-05-27', 103, 337.7, 'SALES_ASSOCIATE', true, 'MOD', 'eloddyo', '3Qur3lmBGRtJ'),
    (96, '630-67-5970', 'Zitella', 'U', 'Cridlin', 'FEMALE', '1991-03-04', '759-227-9584', 'zcridlinp@reuters.com', 9, 66635.56, '2020-01-14', 104, 51.79, 'SALES_ASSOCIATE', true, 'MOD', 'zcridlinp', 'MFIBMrw'),
    (97, '259-95-8813', 'Tanner', 'M', 'Luckham', 'MALE', '1984-09-18', '424-967-0296', 'tluckhamq@bbb.org', 9, 60875.81, '2019-12-09', 105, 349.2, 'SALES_ASSOCIATE', true, 'MOD', 'tluckhamq', 'eyAJMlF'),
    (98, '461-96-9894', 'Simona', 'M', 'Hogsden', 'MALE', '1999-11-03', '256-285-1455', 'shogsdenr@php.net', 10, 52712.5, '2018-03-12', 106, 527.77, 'SALES_ASSOCIATE', true, 'MOD', 'shogsdenr', 'nws5c4BK6D'),
    (99, '826-69-6655', 'Penni', 'L', 'Kesteven', 'FEMALE', '1999-05-27', '552-182-0732', 'pkestevens@miibeian.gov.cn', 10, 53408.58, '2017-09-18', 107, 332.93, 'SALES_ASSOCIATE', true, 'MOD', 'pkestevens', 't0JrTy'),
    (100, '439-01-4263', 'Kristan', 'X', 'Roycroft', 'MALE', '1995-02-27', '590-803-0113', 'kroycroftt@godaddy.com', 10, 60765.46, '2018-05-28', 108, 175.47, 'SALES_ASSOCIATE', true, 'MOD', 'kroycroftt', 'mYhh8oa1eEtc'),
    (101, '778-36-2039', 'Christie', 'Q', 'Gehrtz', 'MALE', '1972-06-13', '565-126-6961', 'cgehrtzu@1und1.de', 1, 58054.69, '2020-03-24', 109, 786.13, 'SALES_ASSOCIATE', true, 'MOD', 'cgehrtzu', 'vt58bQPs1NqT'),
    (102, '899-19-9732', 'Sutherland', 'E', 'Hussey', 'FEMALE', '1978-01-26', '239-769-7084', 'shusseyv@amazon.de', 1, 58003.41, '2018-07-01', 110, 130.36, 'SALES_ASSOCIATE', true, 'MOD', 'shusseyv', 'F7Sv3AZ3CuMR'),
    (103, '600-71-9717', 'Ilysa', 'G', 'Fahrenbach', 'FEMALE', '1982-12-23', '579-954-7576', 'ifahrenbachw@blogtalkradio.com', 1, 69288.95, '2019-02-03', 111, 134.65, 'SALES_ASSOCIATE', true, 'MOD', 'ifahrenbachw', 'Po4M5yF4O'),
    (104, '795-31-3593', 'Katerina', 'D', 'Eidler', 'MALE', '1992-07-17', '488-217-8944', 'keidlerx@digg.com', 2, 58085.99, '2019-02-04', 112, 406.28, 'SALES_ASSOCIATE', true, 'MOD', 'keidlerx', 'fu9KCq0ckTYR'),
    (105, '799-75-2262', 'Cornie', 'M', 'Denington', 'FEMALE', '1976-12-25', '848-432-8249', 'cdeningtony@dot.gov', 2, 61694.28, '2019-03-05', 113, 990.05, 'SALES_ASSOCIATE', true, 'MOD', 'cdeningtony', 'yHmkbNAO'),
    (106, '185-51-5786', 'Noella', 'X', 'Hawk', 'MALE', '1980-10-12', '868-973-5919', 'nhawkz@imageshack.us', 2, 67733.18, '2018-08-16', 114, 175.83, 'SALES_ASSOCIATE', true, 'MOD', 'nhawkz', 'wAY926sr'),
    (107, '369-22-0763', 'Kessiah', 'T', 'Columbine', 'FEMALE', '1993-05-04', '479-718-2440', 'kcolumbine10@bizjournals.com', 3, 55632.85, '2019-06-22', 115, 115.39, 'SALES_ASSOCIATE', true, 'MOD', 'kcolumbine10', 'uWIyyrrLlIia'),
    (108, '137-01-4321', 'Lacy', 'B', 'Clampe', 'MALE', '1994-02-15', '727-835-3969', 'lclampe11@feedburner.com', 3, 49128.45, '2018-09-07', 116, 149.64, 'SALES_ASSOCIATE', true, 'MOD', 'lclampe11', 'd1ept15S'),
    (109, '513-42-8669', 'Milka', 'C', 'Dearness', 'FEMALE', '1986-04-16', '151-998-2824', 'mdearness12@ca.gov', 3, 62967.71, '2019-10-07', 117, 653.33, 'SALES_ASSOCIATE', true, 'MOD', 'mdearness12', 'NHMce7bvhwv'),
    (110, '715-85-2067', 'Luelle', 'C', 'Jagson', 'MALE', '1976-09-04', '271-530-5619', 'ljagson13@qq.com', 4, 65319.22, '2018-07-30', 118, 906.66, 'SALES_ASSOCIATE', true, 'MOD', 'ljagson13', '0U01yS'),
    (111, '249-09-9625', 'Noel', 'L', 'Vasyutochkin', 'FEMALE', '1978-12-26', '482-948-6674', 'nvasyutochkin14@nytimes.com', 4, 53102.35, '2017-08-04', 119, 314.59, 'SALES_ASSOCIATE', true, 'MOD', 'nvasyutochkin14', 'XToJxIc'),
    (112, '477-77-8428', 'Inger', 'P', 'Oluwatoyin', 'FEMALE', '1995-09-06', '134-307-1619', 'ioluwatoyin15@so-net.ne.jp', 4, 42175.83, '2018-04-20', 120, 275.28, 'SALES_ASSOCIATE', true, 'MOD', 'ioluwatoyin15', 'f13F7dDCnF7K'),
    (113, '598-05-6489', 'Lyndell', 'Q', 'McKie', 'MALE', '1983-08-12', '917-545-4538', 'lmckie16@slideshare.net', 5, 54085.21, '2019-06-30', 121, 530.17, 'SALES_ASSOCIATE', true, 'MOD', 'lmckie16', '3003lSP1Ibu'),
    (114, '104-45-5580', 'Merry', 'I', 'MacCourt', 'MALE', '1984-06-24', '545-399-5970', 'mmaccourt17@berkeley.edu', 5, 52049.3, '2017-11-10', 122, 571.62, 'SALES_ASSOCIATE', true, 'MOD', 'mmaccourt17', 'LE5DYtT4'),
    (115, '866-91-3497', 'Addison', 'E', 'Dunsmuir', 'FEMALE', '1993-04-23', '387-513-7641', 'adunsmuir18@sciencedaily.com', 5, 46080.91, '2020-02-25', 123, 273.21, 'SALES_ASSOCIATE', true, 'MOD', 'adunsmuir18', 'ZtdD2iII'),
    (116, '874-23-3114', 'Vera', 'G', 'Flacknoe', 'FEMALE', '1987-01-22', '591-372-2175', 'vflacknoe19@ucoz.ru', 6, 61039.81, '2017-07-21', 124, 319.09, 'SALES_ASSOCIATE', true, 'MOD', 'vflacknoe19', '9ZjXVrhW'),
    (117, '349-07-0929', 'Kayley', 'G', 'Jensen', 'FEMALE', '1986-01-13', '811-661-5732', 'kjensen1a@i2i.jp', 6, 61535.59, '2017-07-28', 125, 920.34, 'SALES_ASSOCIATE', true, 'MOD', 'kjensen1a', 'pCBl3qg'),
    (118, '297-26-1204', 'Hector', 'V', 'Gammie', 'FEMALE', '1987-09-10', '907-579-8260', 'hgammie1b@huffingtonpost.com', 6, 68152.27, '2017-10-21', 126, 697.81, 'SALES_ASSOCIATE', true, 'MOD', 'hgammie1b', 'ovMLRyX'),
    (119, '369-92-9063', 'Terri-jo', 'H', 'Hyndley', 'FEMALE', '1984-04-01', '405-377-9401', 'thyndley1c@skype.com', 7, 69335.97, '2017-10-23', 127, 856.83, 'SALES_ASSOCIATE', true, 'MOD', 'thyndley1c', 'T05tZBVRDdmG'),
    (120, '292-72-9418', 'Lonnie', 'L', 'Aime', 'MALE', '1978-04-29', '859-989-6715', 'laime1d@sun.com', 7, 53144.76, '2019-08-12', 128, 808.65, 'SALES_ASSOCIATE', true, 'MOD', 'laime1d', 'Zqh5B7V6eJk'),
    (121, '680-09-2353', 'Terrance', 'M', 'Iggalden', 'FEMALE', '1974-01-10', '712-345-1561', 'tiggalden1e@last.fm', 7, 58450.23, '2019-02-10', 129, 38.49, 'SALES_ASSOCIATE', true, 'MOD', 'tiggalden1e', '04Zv0tlhmJ'),
    (122, '172-91-4013', 'Timoteo', 'V', 'Beazleigh', 'MALE', '1971-06-21', '484-452-3088', 'tbeazleigh1f@t-online.de', 8, 57979.46, '2017-07-22', 130, 255.43, 'SALES_ASSOCIATE', true, 'MOD', 'tbeazleigh1f', 'Zi5KG5nlV'),
    (123, '775-62-7542', 'Nanete', 'P', 'Druery', 'FEMALE', '1989-02-18', '795-925-5886', 'ndruery1g@washingtonpost.com', 8, 54949.37, '2019-01-31', 131, 362.98, 'SALES_ASSOCIATE', true, 'MOD', 'ndruery1g', 'C3iAySbMeV'),
    (124, '296-82-6921', 'Angele', 'Y', 'Voas', 'MALE', '1974-06-29', '136-815-2528', 'avoas1h@marketwatch.com', 8, 58098.41, '2017-09-04', 132, 204.98, 'SALES_ASSOCIATE', true, 'MOD', 'avoas1h', 'A15chFiEeHp'),
    (125, '442-98-0005', 'Arne', 'C', 'Fathers', 'FEMALE', '1976-06-29', '251-834-2415', 'afathers1i@ucoz.ru', 9, 60850.51, '2018-08-07', 133, 906.59, 'SALES_ASSOCIATE', true, 'MOD', 'afathers1i', 'WWmhrKzH2Zk7'),
    (126, '194-80-2482', 'Pattie', 'V', 'Barfield', 'MALE', '1990-08-09', '206-769-4185', 'pbarfield1j@slashdot.org', 9, 52738.78, '2020-03-12', 134, 970.78, 'SALES_ASSOCIATE', true, 'MOD', 'pbarfield1j', '4KzvU7Pufx'),
    (127, '176-93-7820', 'Robby', 'F', 'Wrightem', 'FEMALE', '1994-01-01', '490-404-9319', 'rwrightem1k@theguardian.com', 9, 63660.52, '2018-04-27', 135, 177.9, 'SALES_ASSOCIATE', true, 'MOD', 'rwrightem1k', 'T6O7snZOsz'),
    (128, '198-84-3823', 'Tobe', 'J', 'Oram', 'MALE', '1977-04-04', '816-448-5639', 'toram1l@symantec.com', 10, 52885.37, '2017-11-27', 136, 865.04, 'SALES_ASSOCIATE', true, 'MOD', 'toram1l', 'cSd8tmoH'),
    (129, '755-58-2925', 'Ken', 'R', 'Cabotto', 'FEMALE', '1984-11-10', '822-765-6077', 'kcabotto1m@odnoklassniki.ru', 10, 47130.35, '2018-02-15', 137, 95.23, 'SALES_ASSOCIATE', true, 'MOD', 'kcabotto1m', 'JU1i5EF2N'),
    (130, '328-84-3253', 'Thorvald', 'O', 'Wallice', 'MALE', '1984-03-18', '338-256-1846', 'twallice1n@webmd.com', 10, 56841.92, '2018-09-16', 138, 790.01, 'SALES_ASSOCIATE', true, 'MOD', 'twallice1n', 'rkOgJJ'),
    (131, '627-20-1902', 'Marjorie', 'M', 'Giorgi', 'FEMALE', '1971-05-24', '374-763-4846', 'mgiorgi1o@accuweather.com', 1, 60142.64, '2018-07-24', 139, 625.89, 'SALES_ASSOCIATE', true, 'MOD', 'mgiorgi1o', 'ZEVOXFwE9u'),
    (132, '273-47-5698', 'Tomlin', 'A', 'Goor', 'FEMALE', '1970-05-31', '742-135-6451', 'tgoor1p@sourceforge.net', 1, 49990.38, '2019-10-13', 140, 389.82, 'SALES_ASSOCIATE', true, 'MOD', 'tgoor1p', '16Xubhzs'),
    (133, '486-17-0728', 'Shirleen', 'X', 'Staner', 'MALE', '1986-03-01', '950-767-0222', 'sstaner1q@facebook.com', 1, 65077.4, '2018-10-06', 141, 61.81, 'SALES_ASSOCIATE', true, 'MOD', 'sstaner1q', 'KY46EjjrEwy'),
    (134, '153-72-9384', 'Pepi', 'P', 'Grumbridge', 'FEMALE', '1973-04-12', '242-433-5606', 'pgrumbridge1r@ucsd.edu', 2, 42645.81, '2019-06-27', 142, 98.34, 'SALES_ASSOCIATE', true, 'MOD', 'pgrumbridge1r', 'gjR2KP'),
    (135, '754-17-7656', 'Keven', 'X', 'Ferrandez', 'MALE', '1985-12-30', '303-852-8862', 'kferrandez1s@prweb.com', 2, 52212.05, '2017-11-08', 143, 665.29, 'SALES_ASSOCIATE', true, 'MOD', 'kferrandez1s', 'AeSdrTw'),
    (136, '164-13-8043', 'Test', '&', 'Test', 'MALE', '1994-08-21', '214-529-5341', 'smechi0@amazon.co.jp', 1, 44026.9, '2018-04-08', 144, 902.04, 'SITE_MANAGER', 'true', 'USER', 'test88', 'olxbAu'),
    (137, '160-57-5230', 'Develop', '&', 'Debug', 'MALE', '1982-10-05', '609-317-5572', 'jmcpake1@businessinsider.com', 1, 46803.4, '2018-09-13', 145, 578.47, 'SITE_MANAGER', 'true', 'DEV', 'admin', 'QrVW6AHEaogr');

INSERT INTO "site_manager" (id)
VALUES
    (1),
    (2),
    (3),
    (4),
    (5),
    (6),
    (7),
    (8),
    (9),
    (10);

INSERT INTO "manager" (id, site_manager_id)
VALUES
    (11, 1),
	(12, 1),
	(13, 1),
	(14, 2),
	(15, 2),
	(16, 2),
	(17, 3),
	(18, 3),
	(19, 3),
	(20, 4),
	(21, 4),
	(22, 4),
	(23, 5),
	(24, 5),
	(25, 5),
	(26, 6),
	(27, 6),
	(28, 6),
	(29, 7),
	(30, 7),
	(31, 7),
	(32, 8),
	(33, 8),
	(34, 8),
	(35, 9),
	(36, 9),
	(37, 9),
	(38, 10),
	(39, 10),
	(40, 10);

INSERT INTO "mechanic" (id, manager_id, dept_id)
VALUES
    (41, 12, 2),
    (42, 15, 5),
    (43, 18, 8),
    (44, 21, 11),
    (45, 24, 14),
    (46, 27, 17),
    (47, 30, 20),
    (48, 33, 23),
    (49, 36, 26),
    (50, 39, 29),
    (51, 12, 2),
    (52, 15, 5),
    (53, 18, 8),
    (54, 21, 11),
    (55, 24, 14),
    (56, 27, 17),
    (57, 30, 20),
    (58, 33, 23),
    (59, 36, 26),
    (60, 39, 29),
    (61, 12, 2),
    (62, 15, 5),
    (63, 18, 8),
    (64, 21, 11),
    (65, 24, 14),
    (66, 27, 17),
    (67, 30, 20),
    (68, 33, 23),
    (69, 36, 26),
    (70, 39, 29);
    

INSERT INTO "sales_associate" (id, manager_id, dept_id)
VALUES
    (71, 11, 1),
    (72, 14, 4),
    (73, 17, 7),
    (74, 20, 10),
    (75, 23, 13),
    (76, 26, 16),
    (77, 29, 19),
    (78, 32, 22),
    (79, 35, 25),
    (80, 38, 28),
    (81, 11, 1),
    (82, 14, 4),
    (83, 17, 7),
    (84, 20, 10),
    (85, 23, 13),
    (86, 26, 16),
    (87, 29, 19),
    (88, 32, 22),
    (89, 35, 25),
    (90, 38, 28),
    (91, 11, 1),
    (92, 14, 4),
    (93, 17, 7),
    (94, 20, 10),
    (95, 23, 13),
    (96, 26, 16),
    (97, 29, 19),
    (98, 32, 22),
    (99, 35, 25),
    (100, 38, 28),
    (101, 11, 1),
    (102, 14, 4),
    (103, 17, 7),
    (104, 20, 10),
    (105, 23, 13),
    (106, 26, 16),
    (107, 29, 19),
    (108, 32, 22),
    (109, 35, 25),
    (110, 38, 28),
    (111, 11, 1),
    (112, 14, 4),
    (113, 17, 7),
    (114, 20, 10),
    (115, 23, 13),
    (116, 26, 16),
    (117, 29, 19),
    (118, 32, 22),
    (119, 35, 25),
    (120, 38, 28),
    (121, 11, 1),
    (122, 14, 4),
    (123, 17, 7),
    (124, 20, 10),
    (125, 23, 13),
    (126, 26, 16),
    (127, 29, 19),
    (128, 32, 22),
    (129, 35, 25),
    (130, 38, 28),
    (131, 11, 1),
    (132, 14, 4),
    (133, 17, 7),
    (134, 20, 10),
    (135, 23, 13);

INSERT INTO "client" (client_id, client_ssn, first_name, last_name, gender, email, phone_no, address_id, sales_associate_id, min_price, max_price)
VALUES
    (1, '363-22-8203', 'Ursuline', 'Munday', 'MALE', 'umunday0@about.com', '281-256-4004', 146, 71, 3224, 3029),
    (2, '705-16-0941', 'Mariya', 'Oldam', 'FEMALE', 'moldam1@telegraph.co.uk', '241-221-2493', 147, 72, 10626, 17781),
    (3, '140-23-2136', 'Valentijn', 'Lindholm', 'MALE', 'vlindholm2@nba.com', '250-449-7249', 148, 73, 21706, 17642),
    (4, '891-89-1639', 'Aldon', 'Rupp', 'FEMALE', 'arupp3@pinterest.com', '700-481-5228', 149, 74, 8126, 1366),
    (5, '234-76-1716', 'Timothee', 'Beebe', 'MALE', 'tbeebe4@ezinearticles.com', '775-347-6117', 150, 75, 15539, 18348),
    (6, '296-51-6602', 'Deeyn', 'Henricsson', 'MALE', 'dhenricsson5@globo.com', '847-569-7664', 151, 76, 9066, 7521),
    (7, '380-29-4895', 'Shelbi', 'de Wilde', 'MALE', 'sdewilde6@springer.com', '276-921-1093', 152, 77, 10383, 2520),
    (8, '790-39-6738', 'Breanne', 'Beed', 'MALE', 'bbeed7@fema.gov', '512-825-5811', 153, 78, 16280, 11669),
    (9, '562-41-3042', 'Pierson', 'Schole', 'MALE', 'pschole8@princeton.edu', '121-618-6732', 154, 79, 28638, 12614),
    (10, '664-28-6324', 'Reagan', 'Tilio', 'FEMALE', 'rtilio9@ftc.gov', '973-272-9113', 155, 80, 19196, 10324),
    (11, '778-25-1564', 'Zabrina', 'Conibeer', 'MALE', 'zconibeera@microsoft.com', '837-817-9157', 156, 81, 15783, 7359),
    (12, '610-02-2129', 'Stella', 'Eggers', 'MALE', 'seggersb@tamu.edu', '167-709-3407', 157, 82, 11816, 5718),
    (13, '459-48-3117', 'Madel', 'Yearns', 'MALE', 'myearnsc@businessinsider.com', '841-440-9748', 158, 83, 10689, 4407),
    (14, '736-10-1402', 'York', 'Robart', 'FEMALE', 'yrobartd@angelfire.com', '374-334-2897', 159, 84, 9775, 7358),
    (15, '576-72-5540', 'Charyl', 'Mardy', 'FEMALE', 'cmardye@ed.gov', '478-916-0149', 160, 85, 18183, 15342),
    (16, '119-90-1309', 'Laurens', 'Kundt', 'FEMALE', 'lkundtf@mtv.com', '357-300-2155', 161, 86, 14249, 14591),
    (17, '320-33-7660', 'Ellis', 'Jentin', 'MALE', 'ejenting@pen.io', '959-267-1237', 162, 87, 12839, 18303),
    (18, '878-01-3120', 'Tabbitha', 'Eldritt', 'FEMALE', 'teldritth@cafepress.com', '730-410-4714', 163, 88, 14251, 18837),
    (19, '652-99-2693', 'Ivonne', 'Bee', 'MALE', 'ibeei@amazon.co.uk', '527-595-4378', 164, 89, 26999, 6630),
    (20, '573-30-5321', 'Barbara-anne', 'Edis', 'MALE', 'bedisj@moonfruit.com', '614-609-8976', 165, 90, 3019, 6973),
    (21, '467-80-2711', 'Orazio', 'Kisby', 'MALE', 'okisbyk@businessinsider.com', '123-103-2096', 166, 91, 24985, 5689),
    (22, '641-81-7028', 'Maddy', 'Drinkall', 'FEMALE', 'mdrinkalll@google.com', '791-543-4110', 167, 92, 16659, 17054),
    (23, '464-99-3051', 'Mada', 'Boldry', 'FEMALE', 'mboldrym@pagesperso-orange.fr', '371-715-5200', 168, 93, 12794, 6927),
    (24, '213-31-6701', 'Anastassia', 'Artis', 'MALE', 'aartisn@booking.com', '983-128-4971', 169, 94, 20237, 19276),
    (25, '339-35-6109', 'Claudette', 'Astill', 'MALE', 'castillo@joomla.org', '479-152-3000', 170, 95, 18369, 2801),
    (26, '400-16-6931', 'Reginald', 'Shoebridge', 'MALE', 'rshoebridgep@t-online.de', '318-816-0357', 171, 96, 15973, 13514),
    (27, '610-05-0506', 'Kerwin', 'Telezhkin', 'MALE', 'ktelezhkinq@quantcast.com', '182-280-7664', 172, 97, 28894, 2789),
    (28, '545-29-4268', 'Rollo', 'Rabat', 'FEMALE', 'rrabatr@biblegateway.com', '969-585-4173', 173, 98, 12682, 7877),
    (29, '595-92-4867', 'Adams', 'Gownge', 'MALE', 'agownges@php.net', '348-876-3361', 174, 99, 10244, 4717),
    (30, '297-27-1179', 'Marketa', 'Leeves', 'MALE', 'mleevest@digg.com', '931-700-1263', 175, 100, 10729, 19255),
    (31, '640-92-0862', 'Adelind', 'Drinnan', 'FEMALE', 'adrinnanu@xinhuanet.com', '873-218-7359', 176, 101, 11841, 10975),
    (32, '485-82-7184', 'Glenn', 'Emm', 'FEMALE', 'gemmv@tmall.com', '159-740-0675', 177, 102, 23193, 16502),
    (33, '770-86-1150', 'Jaime', 'Presley', 'MALE', 'jpresleyw@wufoo.com', '193-888-1174', 178, 103, 23405, 16707),
    (34, '228-63-0739', 'Anetta', 'Menichelli', 'MALE', 'amenichellix@photobucket.com', '805-375-3359', 179, 104, 3681, 14658),
    (35, '654-15-6362', 'Joana', 'Duffit', 'MALE', 'jduffity@arizona.edu', '377-628-9320', 180, 105, 16379, 6824),
    (36, '477-96-4857', 'Langsdon', 'Jorg', 'MALE', 'ljorgz@imdb.com', '745-535-6660', 181, 106, 25785, 19501),
    (37, '548-09-6620', 'Missie', 'Rodriguez', 'FEMALE', 'mrodriguez10@wikispaces.com', '831-905-6709', 182, 107, 22016, 12926),
    (38, '337-10-2871', 'Lexy', 'Farrell', 'MALE', 'lfarrell11@pbs.org', '232-642-7283', 183, 108, 10336, 10685),
    (39, '677-42-8835', 'Valentin', 'Smidmor', 'FEMALE', 'vsmidmor12@wsj.com', '885-916-7387', 184, 109, 15168, 10198),
    (40, '826-21-8276', 'Burnard', 'Filipov', 'FEMALE', 'bfilipov13@flavors.me', '982-587-4953', 185, 110, 3368, 1121),
    (41, '438-61-0615', 'Cameron', 'Giocannoni', 'MALE', 'cgiocannoni14@scientificamerican.com', '706-460-8230', 186, 111, 16592, 1363),
    (42, '764-35-7968', 'Lion', 'Norledge', 'MALE', 'lnorledge15@ow.ly', '695-489-1856', 187, 112, 23274, 5782),
    (43, '145-39-6706', 'Enrico', 'McEnery', 'MALE', 'emcenery16@bbc.co.uk', '598-549-6821', 188, 113, 11803, 12271),
    (44, '524-30-6321', 'Dania', 'Callway', 'FEMALE', 'dcallway17@tamu.edu', '185-820-8598', 189, 114, 18092, 13556),
    (45, '487-04-7908', 'Biddie', 'Blasoni', 'MALE', 'bblasoni18@amazonaws.com', '425-804-8221', 190, 115, 11677, 16274),
    (46, '276-61-1864', 'Meridith', 'Gallone', 'FEMALE', 'mgallone19@delicious.com', '509-538-0238', 191, 116, 15507, 11405),
    (47, '407-72-9088', 'Delores', 'Branton', 'MALE', 'dbranton1a@php.net', '172-993-6000', 192, 117, 11284, 14921),
    (48, '290-32-0974', 'Milo', 'Layhe', 'FEMALE', 'mlayhe1b@hc360.com', '728-950-5142', 193, 118, 14754, 18955),
    (49, '373-65-0035', 'Jackie', 'Gyrgorwicx', 'FEMALE', 'jgyrgorwicx1c@yale.edu', '544-759-1822', 194, 119, 25979, 15641),
    (50, '885-86-9054', 'Idaline', 'Bambrick', 'FEMALE', 'ibambrick1d@washingtonpost.com', '100-943-2626', 195, 120, 26641, 5927),
    (51, '240-75-6128', 'Emmie', 'Ewenson', 'MALE', 'eewenson1e@weather.com', '229-692-3330', 196, 121, 26889, 15252),
    (52, '779-06-8253', 'Electra', 'Anstiss', 'FEMALE', 'eanstiss1f@cmu.edu', '574-540-9188', 197, 122, 27824, 19469),
    (53, '556-30-9104', 'Linus', 'Echlin', 'MALE', 'lechlin1g@sphinn.com', '253-387-3733', 198, 123, 7524, 1564),
    (54, '351-72-7203', 'Coletta', 'Bree', 'MALE', 'cbree1h@booking.com', '392-191-0281', 199, 124, 12558, 18243),
    (55, '282-36-9002', 'Eustacia', 'Brighty', 'MALE', 'ebrighty1i@gov.uk', '729-413-3617', 200, 125, 21121, 11895),
    (56, '851-14-4560', 'Jannel', 'Lochead', 'FEMALE', 'jlochead1j@nyu.edu', '266-439-1371', 201, 126, 8568, 3685),
    (57, '619-86-5883', 'Barnie', 'Lindl', 'FEMALE', 'blindl1k@omniture.com', '800-394-2180', 202, 127, 23384, 11834),
    (58, '391-26-7987', 'Jobey', 'Gernier', 'MALE', 'jgernier1l@about.me', '116-603-7941', 203, 128, 26186, 4564),
    (59, '200-85-0535', 'Sher', 'Ghiron', 'FEMALE', 'sghiron1m@pagesperso-orange.fr', '981-511-8057', 204, 129, 21848, 4236),
    (60, '247-31-9479', 'Elaine', 'Pearmine', 'FEMALE', 'epearmine1n@jiathis.com', '753-870-2428', 205, 130, 29691, 10098),
    (61, '859-04-9463', 'Julieta', 'Beastall', 'MALE', 'jbeastall1o@biblegateway.com', '907-141-6483', 206, 131, 27962, 11043),
    (62, '584-25-2435', 'Hestia', 'Oughtright', 'FEMALE', 'houghtright1p@unicef.org', '330-987-0153', 207, 132, 14237, 14775),
    (63, '544-92-8368', 'Eachelle', 'Kellard', 'MALE', 'ekellard1q@google.ru', '157-302-4199', 208, 133, 5850, 14543),
    (64, '307-28-8595', 'Donaugh', 'Giroldo', 'FEMALE', 'dgiroldo1r@unicef.org', '509-704-9790', 209, 134, 5846, 11719),
    (65, '817-08-4948', 'Towney', 'Hitchens', 'MALE', 'thitchens1s@craigslist.org', '600-633-2141', 210, 135, 13123, 5995),
    (66, '638-41-0963', 'Katharine', 'Algar', 'MALE', 'kalgar1t@census.gov', '202-807-4282', 211, 71, 8319, 19866),
    (67, '790-61-4367', 'Madelyn', 'Testin', 'MALE', 'mtestin1u@sbwire.com', '916-549-2854', 212, 72, 27912, 12699),
    (68, '754-64-5115', 'Bernita', 'Girod', 'FEMALE', 'bgirod1v@amazon.de', '549-331-2780', 213, 73, 26618, 10813),
    (69, '475-64-1673', 'Malvin', 'Sebrens', 'FEMALE', 'msebrens1w@reverbnation.com', '338-348-7821', 214, 74, 9096, 11457),
    (70, '790-53-6173', 'Kelby', 'Kepp', 'MALE', 'kkepp1x@surveymonkey.com', '287-827-2537', 215, 75, 27176, 14701),
    (71, '234-50-9608', 'Nolan', 'Philbrick', 'FEMALE', 'nphilbrick1y@aol.com', '807-512-4694', 216, 76, 17097, 18601),
    (72, '617-92-4305', 'Marillin', 'Penman', 'MALE', 'mpenman1z@odnoklassniki.ru', '226-267-8358', 217, 77, 10778, 13953),
    (73, '794-95-5993', 'Abra', 'Ourtic', 'MALE', 'aourtic20@diigo.com', '578-806-3392', 218, 78, 28523, 18983),
    (74, '537-06-3561', 'Dimitri', 'Mandrake', 'FEMALE', 'dmandrake21@sfgate.com', '158-585-3740', 219, 79, 26172, 12140),
    (75, '762-83-7184', 'Kasey', 'Aspinal', 'MALE', 'kaspinal22@acquirethisname.com', '999-436-1122', 220, 80, 8807, 5014),
    (76, '162-07-4984', 'Nehemiah', 'Jessop', 'FEMALE', 'njessop23@chicagotribune.com', '699-861-9853', 221, 81, 23144, 11986),
    (77, '513-60-6445', 'Dionis', 'Panner', 'MALE', 'dpanner24@dailymotion.com', '707-269-0481', 222, 82, 22417, 4100),
    (78, '282-21-6676', 'Marci', 'Ganter', 'MALE', 'mganter25@fotki.com', '392-569-8506', 223, 83, 6444, 11570),
    (79, '206-54-7291', 'Joellyn', 'Heeks', 'MALE', 'jheeks26@yelp.com', '922-200-6992', 224, 84, 27292, 17433),
    (80, '785-27-3670', 'Kat', 'Liversidge', 'MALE', 'kliversidge27@time.com', '800-555-3836', 225, 85, 22386, 12809),
    (81, '387-91-9276', 'Anabel', 'Tuley', 'FEMALE', 'atuley28@mayoclinic.com', '719-650-9561', 226, 86, 14162, 2385),
    (82, '573-13-1754', 'Burnaby', 'Lamball', 'FEMALE', 'blamball29@ezinearticles.com', '327-568-0946', 227, 87, 11355, 4212),
    (83, '508-92-8405', 'Petronille', 'Bliven', 'FEMALE', 'pbliven2a@amazon.co.uk', '723-498-9293', 228, 88, 18164, 11007),
    (84, '307-24-5879', 'Celina', 'Werendell', 'MALE', 'cwerendell2b@hhs.gov', '715-823-7809', 229, 89, 25152, 5345),
    (85, '441-98-4326', 'Ivory', 'Nosworthy', 'MALE', 'inosworthy2c@amazon.co.uk', '967-496-9158', 230, 90, 27719, 9199),
    (86, '458-18-6622', 'Reta', 'Frayn', 'MALE', 'rfrayn2d@icio.us', '135-740-2673', 231, 91, 14328, 19158),
    (87, '633-37-1800', 'Ericha', 'Ridder', 'MALE', 'eridder2e@guardian.co.uk', '466-862-6124', 232, 92, 3045, 16174),
    (88, '784-22-4134', 'Enid', 'Belison', 'FEMALE', 'ebelison2f@army.mil', '586-997-5239', 233, 93, 8697, 11337),
    (89, '443-09-4267', 'Falito', 'Beelby', 'MALE', 'fbeelby2g@163.com', '581-747-5503', 234, 94, 17079, 13038),
    (90, '123-18-7465', 'Sharl', 'Rogeon', 'FEMALE', 'srogeon2h@over-blog.com', '711-426-5131', 235, 95, 8291, 11808),
    (91, '195-79-4800', 'Mercedes', 'Porrett', 'FEMALE', 'mporrett2i@cnn.com', '197-759-9273', 236, 96, 9056, 13560),
    (92, '802-35-4258', 'Audry', 'Dacres', 'FEMALE', 'adacres2j@xing.com', '715-955-8719', 237, 97, 7633, 6772),
    (93, '669-41-9719', 'Ivy', 'Poley', 'MALE', 'ipoley2k@soundcloud.com', '562-589-3950', 238, 98, 23597, 4120),
    (94, '380-03-7767', 'Gwynne', 'Graeber', 'FEMALE', 'ggraeber2l@go.com', '994-786-9120', 239, 99, 29218, 14235),
    (95, '600-94-8721', 'Janetta', 'Berthon', 'MALE', 'jberthon2m@nsw.gov.au', '861-621-1932', 240, 100, 14486, 14623),
    (96, '126-66-1246', 'Toby', 'Linton', 'FEMALE', 'tlinton2n@marketwatch.com', '531-647-8267', 241, 101, 11908, 19230),
    (97, '677-36-1580', 'Sigismundo', 'Franchioni', 'MALE', 'sfranchioni2o@cnet.com', '147-534-7775', 242, 102, 11388, 3160),
    (98, '359-81-7010', 'Silvia', 'Suller', 'MALE', 'ssuller2p@unicef.org', '630-796-1706', 243, 103, 10856, 2173),
    (99, '473-49-8334', 'Evangelina', 'Dunderdale', 'FEMALE', 'edunderdale2q@sina.com.cn', '836-801-7710', 244, 104, 7672, 3058),
    (100, '281-41-4241', 'Genevieve', 'Bussel', 'MALE', 'gbussel2r@prnewswire.com', '627-281-7476', 245, 105, 27084, 8632),
    (101, '854-08-8456', 'Florida', 'Shervil', 'MALE', 'fshervil2s@hhs.gov', '917-887-0735', 246, 106, 4805, 3971),
    (102, '423-41-6681', 'Kelly', 'Magor', 'MALE', 'kmagor2t@etsy.com', '148-373-0734', 247, 107, 4867, 12327),
    (103, '338-13-5898', 'Deirdre', 'Mollene', 'FEMALE', 'dmollene2u@netlog.com', '340-579-1108', 248, 108, 11103, 4145),
    (104, '631-25-5582', 'Galen', 'Lantuffe', 'FEMALE', 'glantuffe2v@china.com.cn', '980-919-4939', 249, 109, 7554, 13711),
    (105, '591-94-4988', 'Colette', 'Hulls', 'FEMALE', 'chulls2w@digg.com', '779-419-5916', 250, 110, 23239, 10830),
    (106, '201-47-7154', 'Karel', 'Labbey', 'FEMALE', 'klabbey2x@themeforest.net', '184-979-5242', 251, 111, 18957, 9634),
    (107, '823-61-4783', 'Kacey', 'Cool', 'FEMALE', 'kcool2y@digg.com', '719-743-4481', 252, 112, 19917, 16884),
    (108, '365-25-6453', 'Aretha', 'Tapson', 'FEMALE', 'atapson2z@ameblo.jp', '129-554-6473', 253, 113, 15828, 9711),
    (109, '826-65-4376', 'Bertha', 'Somes', 'FEMALE', 'bsomes30@printfriendly.com', '801-101-7871', 254, 114, 18968, 11121),
    (110, '162-17-6745', 'Cal', 'Vigar', 'MALE', 'cvigar31@arizona.edu', '793-928-0423', 255, 115, 26311, 12964),
    (111, '193-13-5567', 'Ralf', 'Courtin', 'MALE', 'rcourtin32@prweb.com', '921-767-6689', 256, 116, 4644, 12700),
    (112, '672-88-0598', 'Corrie', 'Males', 'FEMALE', 'cmales33@nifty.com', '872-485-1222', 257, 117, 18028, 6305),
    (113, '576-82-8573', 'Trey', 'Scrimshire', 'MALE', 'tscrimshire34@bandcamp.com', '351-995-6525', 258, 118, 26545, 19965),
    (114, '511-56-1350', 'Wren', 'Gomersall', 'MALE', 'wgomersall35@sohu.com', '970-526-8820', 259, 119, 22068, 13015),
    (115, '586-56-8456', 'Nikkie', 'Rubinsohn', 'FEMALE', 'nrubinsohn36@umn.edu', '512-823-7428', 260, 120, 29095, 11591),
    (116, '763-17-6885', 'Rubetta', 'Semper', 'MALE', 'rsemper37@soundcloud.com', '371-629-7610', 261, 121, 7452, 16684),
    (117, '447-97-2474', 'Lorna', 'Doreward', 'MALE', 'ldoreward38@jiathis.com', '385-396-4457', 262, 122, 19000, 12015),
    (118, '310-79-3451', 'Terza', 'Silliman', 'FEMALE', 'tsilliman39@jimdo.com', '396-980-3777', 263, 123, 13477, 19567),
    (119, '841-51-2924', 'Elfreda', 'Machon', 'FEMALE', 'emachon3a@mashable.com', '260-887-7987', 264, 124, 11957, 17063),
    (120, '116-13-5159', 'Egan', 'Greenin', 'MALE', 'egreenin3b@icq.com', '568-314-3160', 265, 125, 10896, 15858),
    (121, '288-42-9787', 'Peggy', 'Pountney', 'FEMALE', 'ppountney3c@vimeo.com', '679-492-7946', 266, 126, 18826, 9694),
    (122, '404-87-4071', 'Genevra', 'Tredwell', 'FEMALE', 'gtredwell3d@bizjournals.com', '142-342-5747', 267, 127, 8756, 15426),
    (123, '540-38-8864', 'Virge', 'Evans', 'MALE', 'vevans3e@e-recht24.de', '416-981-9072', 268, 128, 17754, 6953),
    (124, '850-13-3551', 'Cull', 'Kinnane', 'FEMALE', 'ckinnane3f@pcworld.com', '874-386-7731', 269, 129, 6338, 11438),
    (125, '244-55-5734', 'Rudolfo', 'Goneau', 'MALE', 'rgoneau3g@eepurl.com', '201-471-4166', 270, 130, 14859, 6889),
    (126, '590-32-0654', 'Haily', 'Hopfer', 'FEMALE', 'hhopfer3h@reddit.com', '527-547-5573', 271, 131, 19996, 3439),
    (127, '414-25-9948', 'Miguel', 'Vannini', 'FEMALE', 'mvannini3i@jiathis.com', '833-745-4429', 272, 132, 22876, 17110),
    (128, '584-56-4816', 'Ali', 'Grimoldby', 'FEMALE', 'agrimoldby3j@pagesperso-orange.fr', '397-422-7712', 273, 133, 6979, 17899),
    (129, '709-43-6260', 'Archibaldo', 'Romme', 'FEMALE', 'aromme3k@imdb.com', '651-620-2871', 274, 134, 29513, 13215),
    (130, '199-17-3752', 'Tanhya', 'Gibberd', 'MALE', 'tgibberd3l@amazon.de', '564-122-5273', 275, 135, 16390, 4284),
    (131, '632-93-3960', 'May', 'Hamflett', 'MALE', 'mhamflett3m@cafepress.com', '187-591-3426', 276, 71, 18777, 8424),
    (132, '249-28-0124', 'Adelina', 'Yurukhin', 'MALE', 'ayurukhin3n@gizmodo.com', '113-924-6452', 277, 72, 14214, 7585),
    (133, '618-50-5404', 'Nathanael', 'Heis', 'FEMALE', 'nheis3o@dell.com', '181-172-8385', 278, 73, 14682, 4971),
    (134, '238-57-2182', 'Yolanthe', 'Sexton', 'FEMALE', 'ysexton3p@tinyurl.com', '443-161-1764', 279, 74, 11978, 14441),
    (135, '826-53-0895', 'Rubina', 'Claige', 'MALE', 'rclaige3q@wisc.edu', '307-167-3952', 280, 75, 29302, 1698),
    (136, '640-45-1337', 'Pavla', 'Cheng', 'MALE', 'pcheng3r@msu.edu', '939-800-7061', 281, 76, 29357, 1440),
    (137, '479-98-0687', 'Amalie', 'Beaven', 'FEMALE', 'abeaven3s@acquirethisname.com', '699-485-7683', 282, 77, 19065, 14174),
    (138, '714-24-9776', 'Fern', 'Rudolph', 'MALE', 'frudolph3t@linkedin.com', '100-600-3531', 283, 78, 18251, 5407),
    (139, '753-06-4108', 'Oralie', 'Parlet', 'FEMALE', 'oparlet3u@tiny.cc', '685-148-1818', 284, 79, 5703, 16250),
    (140, '606-04-5621', 'Maxi', 'Bougourd', 'FEMALE', 'mbougourd3v@reverbnation.com', '797-530-7077', 285, 80, 22323, 7789),
    (141, '238-24-4545', 'Biron', 'Hornbuckle', 'FEMALE', 'bhornbuckle3w@multiply.com', '116-479-3635', 286, 81, 22546, 12829),
    (142, '131-26-2346', 'Francisca', 'Job', 'FEMALE', 'fjob3x@nydailynews.com', '806-703-7389', 287, 82, 4745, 4201),
    (143, '216-13-3565', 'Bent', 'Burgan', 'MALE', 'bburgan3y@ezinearticles.com', '369-744-2440', 288, 83, 19857, 12015),
    (144, '479-97-5041', 'Jessa', 'Kremer', 'FEMALE', 'jkremer3z@drupal.org', '946-914-2398', 289, 84, 11927, 10649),
    (145, '825-29-9301', 'Syd', 'Caldeiro', 'FEMALE', 'scaldeiro40@bizjournals.com', '406-390-9104', 290, 85, 27549, 9761),
    (146, '834-40-7052', 'Hayward', 'Dron', 'MALE', 'hdron41@yahoo.com', '175-381-9089', 291, 86, 10363, 14002),
    (147, '120-58-7366', 'Deonne', 'Stacey', 'MALE', 'dstacey42@apache.org', '346-423-6588', 292, 87, 29414, 9239),
    (148, '358-48-6337', 'Dani', 'Binch', 'FEMALE', 'dbinch43@google.nl', '681-737-5022', 293, 88, 20582, 16569),
    (149, '340-63-7291', 'Olivero', 'Ligerton', 'FEMALE', 'oligerton44@wired.com', '992-908-8856', 294, 89, 4846, 16922),
    (150, '657-52-1912', 'Lynne', 'Broadhurst', 'FEMALE', 'lbroadhurst45@4shared.com', '423-360-1914', 295, 90, 13089, 10194),
    (151, '582-05-9246', 'Shaun', 'Cherrett', 'FEMALE', 'scherrett46@free.fr', '191-728-3670', 296, 91, 6108, 15298),
    (152, '338-33-3816', 'Friedrick', 'Buffin', 'FEMALE', 'fbuffin47@geocities.com', '602-685-3849', 297, 92, 28073, 12633),
    (153, '361-90-4329', 'Stefano', 'Dower', 'FEMALE', 'sdower48@scribd.com', '194-358-9034', 298, 93, 24286, 2566),
    (154, '600-86-0014', 'Michal', 'Ailward', 'MALE', 'mailward49@slideshare.net', '944-784-2534', 299, 94, 8323, 11877),
    (155, '433-97-4276', 'Ronni', 'Verdy', 'MALE', 'rverdy4a@amazon.co.uk', '976-225-3523', 300, 95, 5115, 7496),
    (156, '125-31-3500', 'Vivienne', 'Muffitt', 'MALE', 'vmuffitt4b@mapy.cz', '833-958-0452', 301, 96, 4741, 4218),
    (157, '717-89-5826', 'Maddi', 'Ramsey', 'MALE', 'mramsey4c@gnu.org', '235-697-5315', 302, 97, 6056, 10171),
    (158, '833-79-9166', 'Dave', 'Peerman', 'FEMALE', 'dpeerman4d@hud.gov', '469-437-0342', 303, 98, 8235, 5944),
    (159, '430-51-3082', 'Ernestus', 'Erbe', 'FEMALE', 'eerbe4e@craigslist.org', '815-877-1081', 304, 99, 9312, 14652),
    (160, '756-95-2731', 'Auberon', 'Childes', 'MALE', 'achildes4f@about.me', '468-476-6390', 305, 100, 24734, 2320),
    (161, '564-61-5515', 'Maritsa', 'Comerford', 'MALE', 'mcomerford4g@slideshare.net', '480-847-1375', 306, 101, 7041, 2193),
    (162, '429-65-1829', 'Ingunna', 'Commucci', 'MALE', 'icommucci4h@admin.ch', '518-697-5077', 307, 102, 28313, 9104),
    (163, '299-73-2147', 'Livvyy', 'Sowerby', 'FEMALE', 'lsowerby4i@umich.edu', '730-170-7385', 308, 103, 22912, 17521),
    (164, '109-81-5801', 'Kristel', 'Gaule', 'FEMALE', 'kgaule4j@chronoengine.com', '718-527-8787', 309, 104, 22185, 8776),
    (165, '452-85-8754', 'Jillayne', 'Rooksby', 'FEMALE', 'jrooksby4k@comcast.net', '932-319-5952', 310, 105, 5901, 16702),
    (166, '309-44-1787', 'Sonia', 'Joslow', 'FEMALE', 'sjoslow4l@hatena.ne.jp', '521-904-2011', 311, 106, 12052, 2143),
    (167, '355-57-2475', 'Allan', 'Gaskin', 'MALE', 'agaskin4m@alibaba.com', '669-206-6650', 312, 107, 25797, 15291),
    (168, '724-49-9851', 'Michale', 'Casina', 'FEMALE', 'mcasina4n@blogs.com', '851-938-5538', 313, 108, 29181, 12217),
    (169, '640-83-8893', 'Glori', 'Mation', 'MALE', 'gmation4o@wikia.com', '640-176-0613', 314, 109, 12841, 16295),
    (170, '430-42-5950', 'Egon', 'Canham', 'MALE', 'ecanham4p@w3.org', '300-881-3642', 315, 110, 21907, 6872),
    (171, '542-36-8257', 'Morgen', 'Mugglestone', 'MALE', 'mmugglestone4q@usatoday.com', '173-976-2967', 316, 111, 3969, 15689),
    (172, '166-48-4956', 'Jeramie', 'Justis', 'MALE', 'jjustis4r@xrea.com', '254-796-1524', 317, 112, 10578, 5233),
    (173, '765-90-8161', 'Ulrica', 'Gonzales', 'FEMALE', 'ugonzales4s@sciencedirect.com', '280-404-8412', 318, 113, 8139, 5080),
    (174, '331-80-7141', 'Barby', 'Woodburne', 'MALE', 'bwoodburne4t@go.com', '965-616-8812', 319, 114, 13638, 3983),
    (175, '564-18-9390', 'Ches', 'Flips', 'MALE', 'cflips4u@mapy.cz', '613-749-0802', 320, 115, 8846, 16586),
    (176, '413-52-3429', 'Jae', 'Coggin', 'FEMALE', 'jcoggin4v@taobao.com', '632-662-4006', 321, 116, 7581, 1651),
    (177, '355-86-2220', 'Gerri', 'Mottram', 'FEMALE', 'gmottram4w@indiegogo.com', '534-913-6425', 322, 117, 15073, 18184),
    (178, '544-25-8810', 'Alyss', 'Brosh', 'MALE', 'abrosh4x@prweb.com', '503-941-2666', 323, 118, 20258, 19585),
    (179, '850-57-0478', 'Adrien', 'Bragg', 'FEMALE', 'abragg4y@craigslist.org', '899-526-3169', 324, 119, 4534, 6918),
    (180, '468-68-5150', 'Gisella', 'Bulfit', 'MALE', 'gbulfit4z@wisc.edu', '694-848-8744', 325, 120, 20017, 7814),
    (181, '257-32-1451', 'Vanya', 'Reboul', 'MALE', 'vreboul50@mapy.cz', '280-322-8791', 326, 121, 13928, 6180),
    (182, '372-52-5040', 'Kore', 'Chalmers', 'MALE', 'kchalmers51@techcrunch.com', '919-298-1026', 327, 122, 8332, 15570),
    (183, '848-54-9105', 'Mahmoud', 'Braban', 'MALE', 'mbraban52@oakley.com', '830-660-1355', 328, 123, 11690, 2743),
    (184, '487-73-9915', 'Emmey', 'Garment', 'MALE', 'egarment53@a8.net', '744-701-5401', 329, 124, 7959, 6917),
    (185, '895-37-2126', 'Claude', 'Peegrem', 'FEMALE', 'cpeegrem54@uiuc.edu', '773-154-6706', 330, 125, 10602, 6200),
    (186, '823-29-1967', 'Reynold', 'Gibling', 'FEMALE', 'rgibling55@google.es', '380-937-4437', 331, 126, 3670, 10588),
    (187, '648-06-0560', 'Zola', 'Concannon', 'MALE', 'zconcannon56@taobao.com', '927-107-9466', 332, 127, 24981, 4846),
    (188, '194-39-4950', 'Martha', 'Sijmons', 'MALE', 'msijmons57@bloomberg.com', '604-429-7158', 333, 128, 28681, 13836),
    (189, '640-06-2117', 'Britney', 'Wilfing', 'FEMALE', 'bwilfing58@woothemes.com', '615-116-4805', 334, 129, 12510, 1665),
    (190, '631-28-3059', 'Kassandra', 'Raveau', 'FEMALE', 'kraveau59@slate.com', '943-990-0381', 335, 130, 27206, 8140),
    (191, '130-97-0110', 'Shantee', 'Fretwell', 'MALE', 'sfretwell5a@statcounter.com', '470-189-0761', 336, 131, 21852, 7841),
    (192, '806-29-3674', 'Kimmie', 'Todarini', 'MALE', 'ktodarini5b@networkadvertising.org', '664-592-6811', 337, 132, 21841, 11681),
    (193, '529-60-1253', 'Caty', 'Crenage', 'MALE', 'ccrenage5c@bloglovin.com', '487-510-4028', 338, 133, 14723, 10470),
    (194, '870-35-2688', 'Theodoric', 'Woolcocks', 'FEMALE', 'twoolcocks5d@wikispaces.com', '436-403-1712', 339, 134, 11754, 1341),
    (195, '387-34-0112', 'Shaine', 'Huonic', 'FEMALE', 'shuonic5e@shutterfly.com', '374-725-1313', 340, 135, 29486, 8963),
    (196, '813-98-0872', 'Cornall', 'Chirm', 'MALE', 'cchirm5f@meetup.com', '661-325-0511', 341, 71, 7579, 4371),
    (197, '735-01-1863', 'Viki', 'Flahive', 'MALE', 'vflahive5g@nps.gov', '371-177-8688', 342, 72, 5349, 8229),
    (198, '204-33-8032', 'Tricia', 'Wigfield', 'FEMALE', 'twigfield5h@blogs.com', '852-270-2325', 343, 73, 17085, 11336),
    (199, '261-26-0517', 'Elane', 'Closs', 'FEMALE', 'ecloss5i@ftc.gov', '212-596-5181', 344, 74, 20574, 17299),
    (200, '474-71-0151', 'Emmit', 'Rickaert', 'MALE', 'erickaert5j@miibeian.gov.cn', '315-129-1312', 345, 75, 15852, 10404),
    (201, '167-65-5831', 'Sylvia', 'MacClinton', 'MALE', 'smacclinton5k@sogou.com', '815-699-0569', 346, 76, 28683, 19779),
    (202, '286-58-2366', 'Louisa', 'Belverstone', 'FEMALE', 'lbelverstone5l@moonfruit.com', '909-742-7774', 347, 77, 20496, 19726),
    (203, '651-10-9255', 'Coraline', 'Bownde', 'FEMALE', 'cbownde5m@cnbc.com', '715-380-7120', 348, 78, 6709, 15985),
    (204, '375-79-1531', 'Jacqui', 'Addey', 'MALE', 'jaddey5n@tuttocitta.it', '151-305-5708', 349, 79, 27732, 13054),
    (205, '180-06-0612', 'Libbie', 'Brookz', 'FEMALE', 'lbrookz5o@ebay.com', '344-243-2242', 350, 80, 27636, 9277),
    (206, '570-81-2380', 'Chelsy', 'Mutton', 'MALE', 'cmutton5p@cafepress.com', '939-804-6775', 351, 81, 28719, 7585),
    (207, '652-28-8786', 'Christiana', 'Etchingham', 'FEMALE', 'cetchingham5q@free.fr', '808-769-6265', 352, 82, 20722, 1657),
    (208, '712-21-6642', 'Brittne', 'Hickin', 'MALE', 'bhickin5r@ihg.com', '961-661-7496', 353, 83, 7488, 9865),
    (209, '608-58-8218', 'Frederick', 'Prandi', 'FEMALE', 'fprandi5s@hatena.ne.jp', '837-390-7821', 354, 84, 10998, 7244),
    (210, '594-60-4196', 'Caspar', 'Bushe', 'MALE', 'cbushe5t@sogou.com', '700-282-3776', 355, 85, 7240, 2467),
    (211, '285-10-8950', 'Kayne', 'Turban', 'MALE', 'kturban5u@yellowpages.com', '158-920-4585', 356, 86, 13049, 8352),
    (212, '489-80-5257', 'Eugen', 'Feldstern', 'FEMALE', 'efeldstern5v@tinyurl.com', '600-583-0526', 357, 87, 9532, 9217),
    (213, '303-91-6497', 'Bear', 'Hamil', 'MALE', 'bhamil5w@sciencedirect.com', '588-944-8348', 358, 88, 19297, 14562),
    (214, '409-76-4581', 'Elmore', 'Shorbrook', 'FEMALE', 'eshorbrook5x@behance.net', '452-795-6008', 359, 89, 20571, 1547),
    (215, '101-35-5599', 'Laney', 'Wolpert', 'FEMALE', 'lwolpert5y@bizjournals.com', '905-434-2858', 360, 90, 11891, 15625),
    (216, '303-35-4265', 'Bekki', 'Colville', 'FEMALE', 'bcolville5z@symantec.com', '218-721-3687', 361, 91, 14270, 1816),
    (217, '160-69-5564', 'Ian', 'Farquhar', 'MALE', 'ifarquhar60@domainmarket.com', '750-112-9509', 362, 92, 14745, 4682),
    (218, '499-55-5924', 'Chip', 'Cottham', 'MALE', 'ccottham61@youtube.com', '756-210-4904', 363, 93, 13804, 19738),
    (219, '345-28-2533', 'Elonore', 'Rockliffe', 'MALE', 'erockliffe62@myspace.com', '592-756-9674', 364, 94, 7658, 3835),
    (220, '245-17-1177', 'Maybelle', 'Pavek', 'FEMALE', 'mpavek63@marketwatch.com', '534-948-5442', 365, 95, 3354, 13499),
    (221, '314-71-9012', 'Julita', 'Gegg', 'MALE', 'jgegg64@timesonline.co.uk', '372-197-8844', 366, 96, 3660, 5156),
    (222, '595-07-8645', 'Galven', 'Boame', 'FEMALE', 'gboame65@statcounter.com', '355-593-5025', 367, 97, 25678, 2982),
    (223, '334-15-5679', 'Helenka', 'Pittam', 'FEMALE', 'hpittam66@dagondesign.com', '438-798-6035', 368, 98, 5672, 19888),
    (224, '758-99-6589', 'Noellyn', 'Twelvetrees', 'MALE', 'ntwelvetrees67@hc360.com', '260-168-7372', 369, 99, 28678, 1770),
    (225, '455-15-8411', 'Petronilla', 'Serjeantson', 'FEMALE', 'pserjeantson68@umn.edu', '439-273-5581', 370, 100, 26866, 8669),
    (226, '566-23-3947', 'Amandy', 'Shipsey', 'MALE', 'ashipsey69@csmonitor.com', '107-300-5239', 371, 101, 18529, 5275),
    (227, '725-56-1560', 'Sharl', 'Sedcole', 'MALE', 'ssedcole6a@dagondesign.com', '895-752-3949', 372, 102, 19563, 3080),
    (228, '332-83-0577', 'Genni', 'Kunze', 'FEMALE', 'gkunze6b@redcross.org', '177-954-3418', 373, 103, 10520, 3702),
    (229, '528-72-9643', 'Torrence', 'Woodbridge', 'FEMALE', 'twoodbridge6c@printfriendly.com', '152-505-8361', 374, 104, 27737, 10967),
    (230, '229-16-7124', 'Prissie', 'Gradley', 'MALE', 'pgradley6d@paginegialle.it', '515-934-3875', 375, 105, 6682, 18477),
    (231, '727-69-9614', 'Mendie', 'Osler', 'FEMALE', 'mosler6e@marketwatch.com', '251-832-2336', 376, 106, 21871, 11382),
    (232, '483-80-2734', 'Malinda', 'Poveleye', 'MALE', 'mpoveleye6f@joomla.org', '835-446-7615', 377, 107, 19341, 6470),
    (233, '588-85-0981', 'Karlyn', 'Garfoot', 'FEMALE', 'kgarfoot6g@tripadvisor.com', '640-731-2244', 378, 108, 26664, 9830),
    (234, '693-84-0209', 'Modesta', 'Sandys', 'MALE', 'msandys6h@shinystat.com', '470-535-1173', 379, 109, 11059, 14210),
    (235, '587-64-5586', 'Mayne', 'Marle', 'MALE', 'mmarle6i@nationalgeographic.com', '896-946-0234', 380, 110, 15639, 6670),
    (236, '633-69-4769', 'Waldo', 'Vedntyev', 'MALE', 'wvedntyev6j@sourceforge.net', '306-956-5546', 381, 111, 24564, 18214),
    (237, '739-69-1585', 'Jobye', 'Hannaway', 'MALE', 'jhannaway6k@constantcontact.com', '919-168-1857', 382, 112, 26262, 7403),
    (238, '362-34-6451', 'Aurore', 'Braga', 'MALE', 'abraga6l@cbsnews.com', '314-202-0026', 383, 113, 24207, 19781),
    (239, '389-41-1805', 'Boigie', 'Shorbrook', 'FEMALE', 'bshorbrook6m@google.pl', '109-700-2203', 384, 114, 15652, 1107),
    (240, '525-61-9126', 'Marika', 'Taig', 'FEMALE', 'mtaig6n@typepad.com', '862-389-7184', 385, 115, 29516, 12231),
    (241, '460-96-1791', 'Christel', 'Mursell', 'MALE', 'cmursell6o@homestead.com', '308-537-2045', 386, 116, 11430, 9761),
    (242, '116-27-3646', 'Elvin', 'Bowden', 'FEMALE', 'ebowden6p@liveinternet.ru', '955-207-6070', 387, 117, 25441, 12637),
    (243, '433-58-2402', 'Merell', 'Courtin', 'MALE', 'mcourtin6q@icq.com', '244-849-6763', 388, 118, 25047, 10746),
    (244, '434-38-6666', 'Joleen', 'Nulty', 'FEMALE', 'jnulty6r@so-net.ne.jp', '854-787-7770', 389, 119, 22675, 5902),
    (245, '216-60-7533', 'Jillane', 'Gurden', 'FEMALE', 'jgurden6s@wsj.com', '670-720-4815', 390, 120, 8740, 16462),
    (246, '860-59-7849', 'Gayleen', 'Raulston', 'FEMALE', 'graulston6t@scribd.com', '457-720-8460', 391, 121, 24115, 17031),
    (247, '395-37-8023', 'Agata', 'Tresler', 'FEMALE', 'atresler6u@biglobe.ne.jp', '505-202-8512', 392, 122, 14413, 9397),
    (248, '430-80-4459', 'Alyda', 'Elliston', 'MALE', 'aelliston6v@over-blog.com', '991-181-9039', 393, 123, 23440, 8207),
    (249, '828-30-4804', 'Cicily', 'Ferriman', 'FEMALE', 'cferriman6w@wikipedia.org', '623-974-2504', 394, 124, 13175, 17936),
    (250, '543-46-2044', 'Tucker', 'Westmorland', 'FEMALE', 'twestmorland6x@webnode.com', '728-892-8050', 395, 125, 20059, 10582);

INSERT INTO "lot" (lot_id, lot_size, location_id)
VALUES
    (1, '436.28', 1),
    (2, '786.86', 1),
    (3, '8466.48', 1),
    (4, '8978.64', 1),
    (5, '568.10', 1),
    (6, '6794.59', 1),
    (7, '7959.80', 1),
    (8, '2330.63', 2),
    (9, '3037.20', 2),
    (10, '6610.63', 2),
    (11, '8345.58', 2),
    (12, '9515.47', 2),
    (13, '8220.66', 3),
    (14, '6097.09', 3),
    (15, '415.80', 3),
    (16, '1792.82', 4),
    (17, '2082.40', 4),
    (18, '4731.41', 4),
    (19, '8859.84', 4),
    (20, '5451.09', 4),
    (21, '5669.97', 5),
    (22, '4861.09', 5),
    (23, '3272.89', 5),
    (24, '5638.15', 5),
    (25, '8439.59', 5),
    (26, '4598.95', 5),
    (27, '6375.25', 5),
    (28, '5457.99', 5),
    (29, '9957.64', 5),
    (30, '9164.52', 5),
    (31, '230.22', 5),
    (32, '1682.02', 6),
    (33, '4691.34', 6),
    (34, '9322.56', 6),
    (35, '3636.28', 7),
    (36, '7012.88', 7),
    (37, '6172.30', 7),
    (38, '1170.01', 7),
    (39, '3401.49', 7),
    (40, '4781.56', 8),
    (41, '1136.07', 8),
    (42, '8680.09', 8),
    (43, '6759.38', 9),
    (44, '1884.63', 9),
    (45, '6528.09', 10),
    (46, '9263.52', 10),
    (47, '2469.31', 10),
    (48, '9529.99', 10),
    (49, '1262.58', 10),
    (50, '5775.34', 10);

INSERT INTO "vehicle" (vehicle_id, vin, make, model, year, color, vehicle_type, transmission, features, mpg, mileage, price, lot_id)
VALUES
    (1, '3VW507AT8FM251729', 'Infiniti', 'QX56', 2007, 'Violet', 'SUV', 'AUTOMATIC', null, 16, 97147, 33573.81, 9),
    (2, 'WBAPL5C51BA555608', 'Acura', 'RSX', 2003, 'Violet', 'SPORT', 'AUTOMATIC', null, 20, 28426, 41150.8, 12),
    (3, '3VWML7AJ0BM334924', 'GMC', 'Canyon', 2007, 'Indigo', 'MINIVAN', 'MANUAL', null, 19, 70473, 20011.28, 50),
    (4, 'KMHTC6AD0EU170220', 'Honda', 'Ridgeline', 2006, 'Crimson', 'CONVERTIBLE', 'AUTOMATIC', null, 21, 19956, 45790.12, 40),
    (5, '1YVHZ8BH6A5880694', 'Kia', 'Sportage', 2006, 'Indigo', 'TRUCK', 'AUTOMATIC', null, 24, 106138, 35700.16, 13),
    (6, '3FADP4AJ4EM797522', 'Dodge', 'Ram Wagon B150', 1992, 'Fuscia', 'HATCHBACK', 'AUTOMATIC', null, 27, 78587, 45232.34, 10),
    (7, 'WAUDF78E25A193131', 'BMW', '7 Series', 2009, 'Maroon', 'SPORT', 'MANUAL', null, 29, 83400, 46199.83, 39),
    (8, 'JTEBC3EH5C2323853', 'Ford', 'Ranger', 2001, 'Yellow', 'MINIVAN', 'AUTOMATIC', null, 16, 38746, 47945.75, 45),
    (9, 'JTDJTUD39ED752710', 'Suzuki', 'Swift', 1991, 'Red', 'SPORT', 'AUTOMATIC', null, 26, 78420, 32207.03, 42),
    (10, '1GYS3GKJ6FR202807', 'GMC', 'Savana 3500', 2008, 'Blue', 'COUPE', 'AUTOMATIC', null, 21, 87411, 19142.25, 24),
    (11, 'WAUKH98EX6A616875', 'Dodge', 'Grand Caravan', 2010, 'Khaki', 'CONVERTIBLE', 'AUTOMATIC', null, 21, 63683, 31262.15, 13),
    (12, '3C4PDCAB9FT661994', 'Toyota', 'Supra', 1997, 'Indigo', 'MINIVAN', 'MANUAL', null, 25, 56634, 9262.14, 44),
    (13, '1FBNE3BLXED750359', 'Saturn', 'Sky', 2008, 'Crimson', 'HATCHBACK', 'MANUAL', null, 22, 96766, 15673.36, 20),
    (14, '1G6DL8E35D0701328', 'Volkswagen', 'Jetta', 1995, 'Indigo', 'WAGON', 'AUTOMATIC', null, 20, 84823, 39178.86, 16),
    (15, '3C6TD4HT3CG182162', 'Chevrolet', '2500', 2000, 'Pink', 'WAGON', 'AUTOMATIC', null, 19, 101032, 33350.91, 50),
    (16, '1N4AL3AP5DC121013', 'Volvo', 'XC90', 2006, 'Fuscia', 'SEDAN', 'MANUAL', null, 29, 76950, 41955.23, 28),
    (17, '2C3CDXJG0CH630398', 'Ford', 'Crown Victoria', 2007, 'Blue', 'COUPE', 'AUTOMATIC', null, 28, 95586, 11170.39, 1),
    (18, '1FMNE1BW3AD881052', 'Mercedes-Benz', 'GL-Class', 2009, 'Pink', 'TRUCK', 'AUTOMATIC', null, 28, 40453, 24541.82, 8),
    (19, '3GTU2YEJXCG105155', 'Toyota', 'Paseo', 1993, 'Aquamarine', 'SEDAN', 'AUTOMATIC', null, 23, 78144, 41356.63, 14),
    (20, '5UXFE8C5XAL493850', 'BMW', '3 Series', 1999, 'Mauv', 'CONVERTIBLE', 'MANUAL', null, 20, 114692, 5691.09, 6),
    (21, 'WAUCVAFR9BA660493', 'Cadillac', 'Escalade ESV', 2006, 'Green', 'SPORT', 'MANUAL', null, 27, 69547, 46382.27, 5),
    (22, 'WBA3B5C59DF300132', 'Dodge', 'Caravan', 1992, 'Green', 'SPORT', 'AUTOMATIC', null, 19, 29442, 49114.37, 10),
    (23, 'WAUMV94E79N865638', 'Mitsubishi', 'Galant', 2000, 'Green', 'CONVERTIBLE', 'MANUAL', null, 25, 45533, 36374.87, 13),
    (24, 'WBALW3C58CC042520', 'Pontiac', 'Firefly', 1989, 'Mauv', 'WAGON', 'AUTOMATIC', null, 16, 90228, 31361.88, 40),
    (25, 'JTDKN3DU2F0952001', 'Buick', 'Roadmaster', 1994, 'Pink', 'SUV', 'MANUAL', null, 15, 18303, 24708.85, 33),
    (26, 'WBAUL7C53CV111008', 'Nissan', 'Rogue', 2011, 'Green', 'COUPE', 'AUTOMATIC', null, 30, 106170, 15478.26, 47),
    (27, 'SCBZK25EX1C133031', 'Ford', 'Ranger', 1988, 'Mauv', 'SUV', 'MANUAL', null, 21, 62100, 16180.9, 36),
    (28, '1FTEX1CM8DF679344', 'Ford', 'F350', 1996, 'Blue', 'HATCHBACK', 'AUTOMATIC', null, 21, 96203, 8199.32, 23),
    (29, 'JTDKN3DP3E3631897', 'Mercury', 'Grand Marquis', 1989, 'Aquamarine', 'HATCHBACK', 'MANUAL', null, 21, 89777, 29307.11, 29),
    (30, 'WBA3C1C54CA164865', 'Mazda', 'MX-5', 2002, 'Blue', 'SPORT', 'MANUAL', null, 25, 98516, 36606.91, 3),
    (31, '1D7RW3BK1AS315388', 'Lexus', 'RX', 2006, 'Red', 'HATCHBACK', 'AUTOMATIC', null, 25, 83263, 14194.98, 8),
    (32, '1G4HP52K03U068527', 'Ford', 'Explorer Sport', 2001, 'Pink', 'TRUCK', 'AUTOMATIC', null, 19, 67793, 27384.34, 41),
    (33, '3VWML7AJ4EM206657', 'Porsche', '911', 1985, 'Purple', 'COUPE', 'MANUAL', null, 21, 64310, 5678.45, 44),
    (34, '1FTWW3B5XAE045063', 'Nissan', 'Quest', 2005, 'Teal', 'HATCHBACK', 'AUTOMATIC', null, 24, 5019, 43507.92, 16),
    (35, 'WP0AA2A85CU893488', 'BMW', '6 Series', 2009, 'Red', 'HATCHBACK', 'MANUAL', null, 23, 53673, 40416.63, 48),
    (36, '1FTEX1EW8AF047499', 'Audi', 'A3', 2011, 'Orange', 'HATCHBACK', 'AUTOMATIC', null, 26, 119290, 5299.57, 11),
    (37, 'WAUAT48H95K723870', 'Mazda', 'B-Series', 1993, 'Blue', 'SPORT', 'MANUAL', null, 23, 80204, 28941.86, 19),
    (38, '137FA90331E044314', 'Mazda', 'B-Series', 1996, 'Purple', 'SUV', 'MANUAL', null, 30, 69472, 23317.68, 37),
    (39, 'SCBCP73W98C439776', 'Cadillac', 'XLR-V', 2006, 'Green', 'TRUCK', 'AUTOMATIC', null, 17, 118309, 15746.84, 2),
    (40, '3VW4S7AT7EM215244', 'Mazda', 'CX-9', 2011, 'Red', 'COUPE', 'MANUAL', null, 26, 47993, 35848.52, 20),
    (41, '1G6DM5ED0B0474129', 'Volvo', 'S40', 2011, 'Fuscia', 'CONVERTIBLE', 'AUTOMATIC', null, 30, 39838, 47398.24, 44),
    (42, 'KMHDB8AE9AU522880', 'Honda', 'Prelude', 2001, 'Purple', 'CONVERTIBLE', 'AUTOMATIC', null, 24, 114663, 43173.35, 6),
    (43, 'WBANA53585C931808', 'Toyota', 'Yaris', 2007, 'Khaki', 'TRUCK', 'MANUAL', null, 28, 45256, 37535.12, 1),
    (44, '3D4PG4FB9AT667540', 'Buick', 'LeSabre', 1991, 'Red', 'CONVERTIBLE', 'AUTOMATIC', null, 16, 110953, 8841.95, 24),
    (45, 'WBA3N3C55EK037464', 'Honda', 'Ridgeline', 2012, 'Blue', 'HATCHBACK', 'MANUAL', null, 18, 96288, 23442.57, 49),
    (46, '5UXFG8C58DL700749', 'Chrysler', 'Concorde', 2003, 'Goldenrod', 'SUV', 'MANUAL', null, 27, 91266, 7135.31, 31),
    (47, 'WAUHF78P07A293251', 'Mercury', 'Sable', 2009, 'Teal', 'WAGON', 'AUTOMATIC', null, 22, 53933, 7962.38, 36),
    (48, '5GAKRAED7BJ847676', 'Subaru', 'Justy', 1994, 'Puce', 'CONVERTIBLE', 'AUTOMATIC', null, 16, 14127, 31384.45, 49),
    (49, '5UXFE43527L169342', 'Infiniti', 'QX', 2010, 'Goldenrod', 'WAGON', 'AUTOMATIC', null, 21, 40089, 9204.6, 38),
    (50, 'JTDKN3DP3F3187454', 'Ford', 'Taurus', 2001, 'Teal', 'SPORT', 'AUTOMATIC', null, 28, 108625, 39287.04, 29),
    (51, 'JN8AZ1MU0EW418208', 'Ford', 'Escort', 1996, 'Turquoise', 'SPORT', 'MANUAL', null, 23, 3501, 5218.54, 49),
    (52, '1FMEU6FE8AU167001', 'Acura', 'RL', 2000, 'Red', 'HATCHBACK', 'MANUAL', null, 25, 55342, 15212.53, 32),
    (53, 'WAUHGAFC4EN695287', 'BMW', '525', 2006, 'Maroon', 'COUPE', 'AUTOMATIC', null, 20, 117848, 49067.6, 8),
    (54, 'WAUEH78E87A884424', 'Mercedes-Benz', 'E-Class', 1994, 'Indigo', 'SEDAN', 'MANUAL', null, 28, 15244, 25650.99, 26),
    (55, 'JH4NA12623T382012', 'Pontiac', 'Grand Prix', 1982, 'Blue', 'CONVERTIBLE', 'MANUAL', null, 20, 97147, 11835.89, 31),
    (56, '1G6EC12902B312005', 'GMC', 'Canyon', 2009, 'Mauv', 'SEDAN', 'AUTOMATIC', null, 28, 34770, 19331.67, 3),
    (57, 'WBAKB8C57AC360498', 'Jeep', 'Compass', 2007, 'Yellow', 'HATCHBACK', 'AUTOMATIC', null, 16, 70105, 42231.8, 11),
    (58, 'WAUDF48H67A372428', 'Volkswagen', 'Fox', 1987, 'Blue', 'SEDAN', 'MANUAL', null, 28, 87809, 9381.98, 40),
    (59, 'WBA4A5C59FD684595', 'Ford', 'Escort', 2002, 'Pink', 'SUV', 'AUTOMATIC', null, 22, 15281, 22572.87, 16),
    (60, '5GAER23D39J214396', 'Volkswagen', 'New Beetle', 2001, 'Fuscia', 'TRUCK', 'MANUAL', null, 16, 52426, 22540.26, 25),
    (61, '1G6DJ8EG7A0039885', 'Nissan', '200SX', 1995, 'Crimson', 'CONVERTIBLE', 'MANUAL', null, 25, 32500, 34295.86, 42),
    (62, '5N1AA0NC3FN409153', 'Honda', 'del Sol', 1997, 'Orange', 'CONVERTIBLE', 'AUTOMATIC', null, 30, 61229, 14337.32, 42),
    (63, '3VW507AT3FM674086', 'Mazda', 'MX-5', 2008, 'Aquamarine', 'CONVERTIBLE', 'AUTOMATIC', null, 16, 33582, 19619.6, 19),
    (64, '5GAKVCKD9FJ028914', 'Lexus', 'LX', 2008, 'Pink', 'TRUCK', 'MANUAL', null, 24, 2233, 12661.83, 28),
    (65, '1FTSX2B51AE998444', 'Nissan', '370Z', 2012, 'Pink', 'CONVERTIBLE', 'MANUAL', null, 20, 100050, 12308.86, 30),
    (66, 'WAUJGAFD8FN163701', 'Toyota', 'Highlander', 2007, 'Blue', 'SEDAN', 'AUTOMATIC', null, 29, 73194, 25511.99, 10),
    (67, 'WAUDT94F05N948028', 'Mercedes-Benz', 'C-Class', 1996, 'Yellow', 'HATCHBACK', 'MANUAL', null, 26, 39727, 12357.46, 7),
    (68, 'WBAUP73559V803090', 'Plymouth', 'Colt', 1994, 'Crimson', 'COUPE', 'AUTOMATIC', null, 28, 105234, 17672.35, 46),
    (69, 'WVWAA7AJ7CW156314', 'Chevrolet', 'Corvette', 1959, 'Aquamarine', 'TRUCK', 'MANUAL', null, 17, 22243, 36653.96, 47),
    (70, '5GADV33L55D223002', 'Ford', 'LTD Crown Victoria', 1986, 'Aquamarine', 'TRUCK', 'MANUAL', null, 18, 54404, 5005.39, 37),
    (71, 'JN1CV6EK5DM906254', 'Isuzu', 'Trooper', 2002, 'Mauv', 'SEDAN', 'MANUAL', null, 23, 85757, 41993.76, 21),
    (72, '1GKKRNED1BJ815493', 'Land Rover', 'Range Rover', 2004, 'Maroon', 'WAGON', 'AUTOMATIC', null, 15, 102703, 18993.16, 19),
    (73, 'JTDBT4K31B4979084', 'Volkswagen', 'Scirocco', 1985, 'Violet', 'WAGON', 'AUTOMATIC', null, 25, 46131, 28533.66, 47),
    (74, 'WA1VMAFEXBD318202', 'Volkswagen', 'Golf', 2002, 'Green', 'SPORT', 'MANUAL', null, 29, 13777, 42107.33, 50),
    (75, 'WDDGF5EB9AA569189', 'Isuzu', 'Hombre', 2000, 'Turquoise', 'SEDAN', 'MANUAL', null, 28, 71392, 10109.02, 4),
    (76, '2LMDJ6JK4CB791413', 'Geo', 'Prizm', 1993, 'Purple', 'CONVERTIBLE', 'MANUAL', null, 18, 1007, 44115.23, 24),
    (77, 'JTDKTUD38ED733053', 'Dodge', 'Stratus', 2006, 'Turquoise', 'COUPE', 'AUTOMATIC', null, 25, 21748, 9690.92, 42),
    (78, 'JN1AZ4FH0FM694143', 'Toyota', 'Tundra', 2012, 'Red', 'HATCHBACK', 'AUTOMATIC', null, 25, 54745, 47325.05, 41),
    (79, '4A31K5DF9CE263666', 'Dodge', 'Ram Van 2500', 1995, 'Goldenrod', 'MINIVAN', 'MANUAL', null, 19, 90293, 20149.3, 39),
    (80, '1YVHZ8BH9D5693356', 'Volkswagen', 'Passat', 2005, 'Crimson', 'WAGON', 'MANUAL', null, 18, 100181, 25048.22, 20),
    (81, 'SAJWA4DB0EL423162', 'Acura', 'TL', 2012, 'Crimson', 'MINIVAN', 'MANUAL', null, 21, 99496, 26885.89, 16),
    (82, 'WBADR63463G607683', 'Volvo', 'V70', 2010, 'Goldenrod', 'MINIVAN', 'MANUAL', null, 17, 58370, 16554.25, 8),
    (83, '1N6AA0CC3BN644408', 'BMW', '550', 2006, 'Goldenrod', 'SUV', 'MANUAL', null, 25, 10686, 21234.47, 2),
    (84, '1G6DJ8E36D0446131', 'Ford', 'Econoline E250', 2001, 'Fuscia', 'SPORT', 'MANUAL', null, 24, 34453, 10183.97, 15),
    (85, 'WBAPK7C52AA927812', 'Pontiac', 'Grand Prix', 1977, 'Pink', 'WAGON', 'MANUAL', null, 22, 106419, 8864.44, 13),
    (86, '5N1CR2MM3EC428464', 'Infiniti', 'J', 1997, 'Puce', 'WAGON', 'MANUAL', null, 24, 60988, 13014.16, 24),
    (87, '3D4PG3FG0BT747929', 'Mitsubishi', 'Tundra', 2009, 'Pink', 'WAGON', 'AUTOMATIC', null, 17, 70941, 49160.9, 16),
    (88, 'WP0AA2A80EK686845', 'Nissan', 'Quest', 2004, 'Violet', 'COUPE', 'AUTOMATIC', null, 26, 28646, 19749.09, 8),
    (89, '4T1BF1FK6EU816132', 'Toyota', 'Camry Solara', 2008, 'Teal', 'TRUCK', 'AUTOMATIC', null, 18, 59117, 8950.2, 35),
    (90, 'JHMGE8G32CC449213', 'GMC', 'Sonoma', 1996, 'Orange', 'WAGON', 'MANUAL', null, 17, 19154, 43086.37, 20),
    (91, 'WA1AM94L49D696296', 'Volkswagen', 'Passat', 2002, 'Violet', 'WAGON', 'AUTOMATIC', null, 16, 74730, 9080.73, 44),
    (92, 'JTDKN3DU5B0932349', 'Isuzu', 'Ascender', 2003, 'Khaki', 'TRUCK', 'AUTOMATIC', null, 25, 98695, 5993.39, 21),
    (93, 'JH4DC53822C762902', 'Aston Martin', 'DB9 Volante', 2006, 'Mauv', 'WAGON', 'AUTOMATIC', null, 22, 18654, 49240.09, 35),
    (94, 'WAUBF78E97A296301', 'Oldsmobile', 'Intrigue', 2002, 'Goldenrod', 'SPORT', 'AUTOMATIC', null, 26, 61486, 24207.38, 31),
    (95, 'JH4CL96938C131057', 'Acura', 'MDX', 2012, 'Aquamarine', 'COUPE', 'MANUAL', null, 27, 24424, 6768.07, 31),
    (96, '5N1AR1NB5CC894862', 'Toyota', 'RAV4', 2006, 'Green', 'WAGON', 'MANUAL', null, 16, 71386, 9177.31, 7),
    (97, 'SAJWA0JH3EM733933', 'Honda', 'Accord', 1997, 'Teal', 'TRUCK', 'AUTOMATIC', null, 30, 4516, 30942.19, 41),
    (98, '1N6AD0CW0FN289821', 'Saab', '900', 1985, 'Orange', 'TRUCK', 'AUTOMATIC', null, 21, 66606, 37239.48, 3),
    (99, '1B3CB1HA9AD202535', 'Maserati', 'Spyder', 2005, 'Aquamarine', 'MINIVAN', 'MANUAL', null, 24, 87073, 19751.1, 9),
    (100, '3GYFNHE39DS439834', 'Dodge', 'Durango', 2007, 'Violet', 'WAGON', 'MANUAL', null, 27, 57735, 46824.8, 18);

INSERT INTO "service_ticket" (ticket_id, vehicle_id, mechanic_id, date_created, date_updated, ticket_status)
VALUES
    (1, 10, 68, '2019-11-28 03:00:17', '2018-11-04 21:28:40', 'OPEN'),
    (2, 21, 43, '2019-11-13 23:43:58', '2019-12-16 05:52:43', 'CANCELLED'),
    (3, 48, 51, '2017-06-08 19:59:34', '2017-06-27 05:59:03', 'CANCELLED'),
    (4, 70, 46, '2020-02-19 14:12:43', '2020-01-25 19:28:49', 'PENDING'),
    (5, 11, 49, '2019-10-08 15:51:38', '2018-07-15 06:01:27', 'OPEN'),
    (6, 28, 64, '2018-03-03 06:24:20', '2020-08-02 07:00:54', 'CANCELLED'),
    (7, 48, 42, '2019-08-17 09:14:47', '2019-09-08 19:00:56', 'OPEN'),
    (8, 25, 42, '2020-06-30 04:06:44', '2017-10-04 13:56:19', 'RESOLVED'),
    (9, 92, 67, '2019-10-12 12:17:06', '2020-09-08 18:37:28', 'PENDING'),
    (10, 52, 57, '2019-03-31 04:27:34', '2018-12-01 14:23:01', 'RESOLVED'),
    (11, 32, 67, '2020-02-02 09:08:18', '2020-11-02 10:59:34', 'CANCELLED'),
    (12, 85, 67, '2019-12-14 14:21:23', '2017-12-10 18:00:13', 'PENDING'),
    (13, 60, 57, '2019-03-13 19:22:12', '2017-05-03 15:14:02', 'PENDING'),
    (14, 17, 48, '2018-10-02 10:22:19', '2020-01-30 01:39:18', 'OPEN'),
    (15, 55, 54, '2018-08-11 04:09:20', '2020-03-26 06:23:22', 'RESOLVED'),
    (16, 91, 50, '2018-09-21 08:38:36', '2019-07-05 17:25:03', 'CANCELLED'),
    (17, 93, 42, '2018-07-28 23:27:27', '2019-06-09 02:54:58', 'CANCELLED'),
    (18, 51, 60, '2018-01-11 08:12:25', '2018-11-15 05:11:55', 'CANCELLED'),
    (19, 5, 50, '2020-02-07 20:44:53', '2019-11-09 05:04:53', 'RESOLVED'),
    (20, 68, 55, '2020-09-25 00:53:16', '2020-01-26 14:07:08', 'OPEN'),
    (21, 20, 48, '2019-11-18 15:31:10', '2018-05-03 23:54:17', 'RESOLVED'),
    (22, 48, 46, '2017-12-08 11:45:00', '2019-09-18 07:35:07', 'PENDING'),
    (23, 52, 66, '2021-01-30 10:27:18', '2020-10-11 11:13:12', 'PENDING'),
    (24, 4, 70, '2019-02-04 18:55:32', '2017-09-15 19:04:16', 'PENDING'),
    (25, 9, 69, '2020-01-15 12:22:06', '2018-09-09 17:40:22', 'OPEN'),
    (26, 76, 66, '2017-05-03 01:07:09', '2017-04-07 03:23:03', 'CANCELLED'),
    (27, 42, 43, '2018-10-06 17:57:06', '2020-09-30 04:21:23', 'PENDING'),
    (28, 29, 62, '2019-02-16 00:36:28', '2019-05-11 06:05:29', 'RESOLVED'),
    (29, 63, 52, '2017-05-28 03:04:05', '2019-03-09 21:39:00', 'CANCELLED'),
    (30, 66, 45, '2019-12-25 11:39:33', '2019-02-07 17:35:48', 'PENDING'),
    (31, 72, 53, '2018-11-03 16:44:33', '2018-10-16 19:54:50', 'OPEN'),
    (32, 63, 66, '2020-12-01 18:26:03', '2018-05-05 03:17:49', 'CANCELLED'),
    (33, 4, 45, '2018-05-03 19:41:32', '2018-11-22 01:09:09', 'RESOLVED'),
    (34, 53, 69, '2017-07-01 10:15:58', '2020-07-05 11:18:28', 'OPEN'),
    (35, 1, 59, '2019-09-19 05:34:05', '2019-12-11 02:24:07', 'PENDING'),
    (36, 7, 42, '2020-07-12 22:21:10', '2019-06-24 07:31:50', 'PENDING'),
    (37, 31, 42, '2019-07-17 08:44:21', '2018-06-18 05:47:48', 'OPEN'),
    (38, 95, 59, '2020-08-25 15:51:23', '2018-04-19 20:29:11', 'RESOLVED'),
    (39, 38, 48, '2021-02-19 18:11:12', '2020-02-19 06:37:27', 'PENDING'),
    (40, 8, 65, '2017-07-02 08:11:33', '2018-10-10 00:48:59', 'OPEN'),
    (41, 63, 45, '2018-02-01 05:28:54', '2019-10-13 04:29:09', 'OPEN'),
    (42, 76, 43, '2020-02-19 18:03:47', '2018-07-28 00:45:21', 'RESOLVED'),
    (43, 4, 50, '2021-02-12 20:46:49', '2020-02-05 05:12:39', 'PENDING'),
    (44, 34, 46, '2021-03-01 20:50:42', '2020-05-29 20:51:12', 'CANCELLED'),
    (45, 71, 65, '2020-12-10 20:23:10', '2017-05-12 05:55:02', 'CANCELLED'),
    (46, 50, 41, '2019-09-12 01:20:04', '2017-04-30 16:10:13', 'OPEN'),
    (47, 44, 56, '2017-07-12 06:03:00', '2018-10-02 16:57:01', 'CANCELLED'),
    (48, 62, 64, '2021-01-28 06:48:20', '2020-05-25 16:06:30', 'CANCELLED'),
    (49, 39, 66, '2017-11-25 20:46:34', '2019-12-08 15:32:42', 'PENDING'),
    (50, 32, 50, '2020-09-30 18:34:15', '2018-04-03 15:21:54', 'OPEN'),
    (51, 90, 54, '2020-07-13 23:13:33', '2018-08-08 15:44:18', 'CANCELLED'),
    (52, 60, 61, '2017-12-12 23:19:18', '2020-04-27 08:08:21', 'PENDING'),
    (53, 51, 67, '2021-02-10 08:31:43', '2017-04-13 03:09:34', 'OPEN'),
    (54, 97, 67, '2019-08-17 02:20:41', '2021-01-22 08:57:30', 'CANCELLED'),
    (55, 81, 54, '2019-06-14 13:59:11', '2017-06-08 12:18:32', 'OPEN'),
    (56, 57, 65, '2018-10-13 08:59:04', '2020-03-23 17:44:36', 'CANCELLED'),
    (57, 42, 60, '2020-06-19 02:42:12', '2017-11-14 06:49:35', 'RESOLVED'),
    (58, 2, 66, '2019-01-12 06:07:19', '2021-02-17 12:48:17', 'RESOLVED'),
    (59, 97, 63, '2017-04-18 19:57:19', '2018-10-08 23:39:05', 'OPEN'),
    (60, 94, 55, '2020-12-17 14:33:28', '2018-03-19 21:43:21', 'RESOLVED'),
    (61, 16, 64, '2018-04-05 01:21:12', '2018-08-15 17:08:44', 'PENDING'),
    (62, 34, 50, '2017-05-24 06:10:29', '2019-07-10 09:13:44', 'PENDING'),
    (63, 37, 61, '2019-12-07 23:07:34', '2020-10-31 05:23:36', 'CANCELLED'),
    (64, 49, 43, '2019-04-23 12:42:06', '2018-10-21 08:38:05', 'OPEN'),
    (65, 82, 65, '2017-12-18 11:57:22', '2020-02-17 21:55:21', 'CANCELLED'),
    (66, 19, 54, '2017-11-22 05:29:53', '2020-10-05 23:49:54', 'RESOLVED'),
    (67, 25, 52, '2019-02-10 11:49:40', '2017-08-23 01:26:33', 'RESOLVED'),
    (68, 31, 66, '2019-07-16 16:41:19', '2017-09-05 22:46:56', 'RESOLVED'),
    (69, 67, 45, '2019-09-05 02:02:50', '2018-03-11 17:44:50', 'OPEN'),
    (70, 9, 47, '2019-09-04 17:35:13', '2019-07-14 08:01:02', 'CANCELLED'),
    (71, 55, 46, '2020-03-14 20:08:15', '2017-04-26 15:02:28', 'OPEN'),
    (72, 21, 56, '2017-10-07 16:49:17', '2019-10-20 17:58:06', 'PENDING'),
    (73, 90, 63, '2021-01-18 22:31:24', '2019-12-03 23:30:00', 'PENDING'),
    (74, 12, 52, '2017-10-26 03:01:13', '2021-01-04 10:04:17', 'CANCELLED'),
    (75, 93, 45, '2018-01-12 23:37:43', '2020-10-08 07:11:05', 'RESOLVED');

INSERT INTO "comment" (comment_id, ticket_id, mechanic_id, date_created, content)
VALUES
    (1, 18, 42, '2020-03-31 22:51:36', 'Aliquam quis turpis eget elit sodales scelerisque.'),
    (2, 9, 63, '2021-02-18 05:06:24', 'Lorem ipsum dolor sit amet, consectetuer adipiscing elit. Proin risus. Praesent lectus. Vestibulum quam sapien, varius ut, blandit non, interdum in, ante. Vestibulum ante ipsum primis in faucibus orci luctus et ultrices posuere cubilia Curae, Duis faucibus accumsan odio. Curabitur convallis.'),
    (3, 2, 47, '2018-08-19 02:14:57', 'Nulla ac enim. In tempor, turpis nec euismod scelerisque, quam turpis adipiscing lorem, vitae mattis nibh ligula nec sem.'),
    (4, 7, 49, '2017-04-15 18:39:40', 'Donec semper sapien a libero. Nam dui. Proin leo odio, porttitor id, consequat in, consequat ut, nulla. Sed accumsan felis.'),
    (5, 9, 63, '2019-05-30 00:48:46', 'Aenean auctor gravida sem. Praesent id massa id nisl venenatis lacinia. Aenean sit amet justo. Morbi ut odio. Cras mi pede, malesuada in, imperdiet et, commodo vulputate, justo. In blandit ultrices enim. Lorem ipsum dolor sit amet, consectetuer adipiscing elit. Proin interdum mauris non ligula pellentesque ultrices. Phasellus id sapien in sapien iaculis congue.'),
    (6, 42, 54, '2020-03-28 06:42:23', 'Integer tincidunt ante vel ipsum. Praesent blandit lacinia erat. Vestibulum sed magna at nunc commodo placerat. Praesent blandit. Nam nulla. Integer pede justo, lacinia eget, tincidunt eget, tempus vel, pede. Morbi porttitor lorem id ligula. Suspendisse ornare consequat lectus. In est risus, auctor sed, tristique in, tempus sit amet, sem.'),
    (7, 19, 55, '2018-01-15 18:28:57', 'Aenean auctor gravida sem. Praesent id massa id nisl venenatis lacinia. Aenean sit amet justo. Morbi ut odio. Cras mi pede, malesuada in, imperdiet et, commodo vulputate, justo. In blandit ultrices enim.'),
    (8, 70, 64, '2018-05-27 02:57:26', 'Sed sagittis. Nam congue, risus semper porta volutpat, quam pede lobortis ligula, sit amet eleifend pede libero quis orci. Nullam molestie nibh in lectus. Pellentesque at nulla. Suspendisse potenti. Cras in purus eu magna vulputate luctus. Cum sociis natoque penatibus et magnis dis parturient montes, nascetur ridiculus mus. Vivamus vestibulum sagittis sapien. Cum sociis natoque penatibus et magnis dis parturient montes, nascetur ridiculus mus.'),
    (9, 29, 47, '2019-01-27 00:17:16', 'Integer ac neque. Duis bibendum. Morbi non quam nec dui luctus rutrum. Nulla tellus. In sagittis dui vel nisl. Duis ac nibh. Fusce lacus purus, aliquet at, feugiat non, pretium quis, lectus. Suspendisse potenti.'),
    (10, 14, 42, '2020-07-27 19:20:10', 'Fusce lacus purus, aliquet at, feugiat non, pretium quis, lectus. Suspendisse potenti. In eleifend quam a odio. In hac habitasse platea dictumst. Maecenas ut massa quis augue luctus tincidunt. Nulla mollis molestie lorem.'),
    (11, 41, 47, '2018-04-21 18:08:37', 'In quis justo. Maecenas rhoncus aliquam lacus. Morbi quis tortor id nulla ultrices aliquet. Maecenas leo odio, condimentum id, luctus nec, molestie sed, justo.'),
    (12, 22, 62, '2019-06-23 16:13:04', 'Vestibulum ante ipsum primis in faucibus orci luctus et ultrices posuere cubilia Curae, Donec pharetra, magna vestibulum aliquet ultrices, erat tortor sollicitudin mi, sit amet lobortis sapien sapien non mi. Integer ac neque. Duis bibendum. Morbi non quam nec dui luctus rutrum. Nulla tellus. In sagittis dui vel nisl. Duis ac nibh. Fusce lacus purus, aliquet at, feugiat non, pretium quis, lectus. Suspendisse potenti. In eleifend quam a odio.'),
    (13, 47, 52, '2019-04-16 20:54:39', 'Nam tristique tortor eu pede.'),
    (14, 26, 69, '2018-12-21 17:27:03', 'Nulla suscipit ligula in lacus. Curabitur at ipsum ac tellus semper interdum. Mauris ullamcorper purus sit amet nulla.'),
    (15, 11, 49, '2017-09-08 01:30:52', 'Morbi ut odio. Cras mi pede, malesuada in, imperdiet et, commodo vulputate, justo. In blandit ultrices enim. Lorem ipsum dolor sit amet, consectetuer adipiscing elit.'),
    (16, 46, 44, '2017-06-28 00:16:54', 'Nunc purus. Phasellus in felis. Donec semper sapien a libero. Nam dui. Proin leo odio, porttitor id, consequat in, consequat ut, nulla. Sed accumsan felis. Ut at dolor quis odio consequat varius. Integer ac leo. Pellentesque ultrices mattis odio.'),
    (17, 64, 41, '2019-12-21 09:51:53', 'Fusce consequat. Nulla nisl. Nunc nisl. Duis bibendum, felis sed interdum venenatis, turpis enim blandit mi, in porttitor pede justo eu massa. Donec dapibus. Duis at velit eu est congue elementum. In hac habitasse platea dictumst.'),
    (18, 50, 41, '2019-05-05 15:52:27', 'Quisque id justo sit amet sapien dignissim vestibulum. Vestibulum ante ipsum primis in faucibus orci luctus et ultrices posuere cubilia Curae, Nulla dapibus dolor vel est. Donec odio justo, sollicitudin ut, suscipit a, feugiat et, eros. Vestibulum ac est lacinia nisi venenatis tristique. Fusce congue, diam id ornare imperdiet, sapien urna pretium nisl, ut volutpat sapien arcu sed augue. Aliquam erat volutpat.'),
    (19, 65, 60, '2019-12-06 04:18:30', 'Integer ac neque. Duis bibendum. Morbi non quam nec dui luctus rutrum. Nulla tellus. In sagittis dui vel nisl. Duis ac nibh. Fusce lacus purus, aliquet at, feugiat non, pretium quis, lectus. Suspendisse potenti. In eleifend quam a odio. In hac habitasse platea dictumst.'),
    (20, 34, 63, '2019-02-06 07:34:24', 'Fusce congue, diam id ornare imperdiet, sapien urna pretium nisl, ut volutpat sapien arcu sed augue. Aliquam erat volutpat.'),
    (21, 6, 51, '2020-05-26 23:48:06', 'Maecenas ut massa quis augue luctus tincidunt. Nulla mollis molestie lorem. Quisque ut erat. Curabitur gravida nisi at nibh. In hac habitasse platea dictumst. Aliquam augue quam, sollicitudin vitae, consectetuer eget, rutrum at, lorem. Integer tincidunt ante vel ipsum. Praesent blandit lacinia erat. Vestibulum sed magna at nunc commodo placerat. Praesent blandit.'),
    (22, 47, 62, '2020-01-15 09:53:48', 'Etiam vel augue. Vestibulum rutrum rutrum neque. Aenean auctor gravida sem. Praesent id massa id nisl venenatis lacinia. Aenean sit amet justo. Morbi ut odio. Cras mi pede, malesuada in, imperdiet et, commodo vulputate, justo. In blandit ultrices enim. Lorem ipsum dolor sit amet, consectetuer adipiscing elit. Proin interdum mauris non ligula pellentesque ultrices.'),
    (23, 53, 46, '2020-09-15 04:13:14', 'Cras mi pede, malesuada in, imperdiet et, commodo vulputate, justo. In blandit ultrices enim.'),
    (24, 75, 57, '2020-11-09 00:26:48', 'Nulla tempus. Vivamus in felis eu sapien cursus vestibulum. Proin eu mi. Nulla ac enim.'),
    (25, 66, 60, '2020-01-06 23:11:42', 'Curabitur gravida nisi at nibh. In hac habitasse platea dictumst. Aliquam augue quam, sollicitudin vitae, consectetuer eget, rutrum at, lorem. Integer tincidunt ante vel ipsum. Praesent blandit lacinia erat. Vestibulum sed magna at nunc commodo placerat. Praesent blandit. Nam nulla.'),
    (26, 10, 56, '2020-04-16 19:58:15', 'Morbi sem mauris, laoreet ut, rhoncus aliquet, pulvinar sed, nisl. Nunc rhoncus dui vel sem. Sed sagittis. Nam congue, risus semper porta volutpat, quam pede lobortis ligula, sit amet eleifend pede libero quis orci. Nullam molestie nibh in lectus. Pellentesque at nulla. Suspendisse potenti. Cras in purus eu magna vulputate luctus. Cum sociis natoque penatibus et magnis dis parturient montes, nascetur ridiculus mus.'),
    (27, 11, 50, '2019-04-18 05:02:41', 'Duis at velit eu est congue elementum. In hac habitasse platea dictumst. Morbi vestibulum, velit id pretium iaculis, diam erat fermentum justo, nec condimentum neque sapien placerat ante. Nulla justo. Aliquam quis turpis eget elit sodales scelerisque. Mauris sit amet eros. Suspendisse accumsan tortor quis turpis. Sed ante.'),
    (28, 37, 61, '2018-08-17 03:21:21', 'Maecenas ut massa quis augue luctus tincidunt. Nulla mollis molestie lorem. Quisque ut erat. Curabitur gravida nisi at nibh. In hac habitasse platea dictumst. Aliquam augue quam, sollicitudin vitae, consectetuer eget, rutrum at, lorem. Integer tincidunt ante vel ipsum. Praesent blandit lacinia erat. Vestibulum sed magna at nunc commodo placerat. Praesent blandit.'),
    (29, 8, 41, '2018-07-31 03:28:41', 'Cum sociis natoque penatibus et magnis dis parturient montes, nascetur ridiculus mus.'),
    (30, 52, 41, '2018-02-10 05:44:41', 'Phasellus id sapien in sapien iaculis congue. Vivamus metus arcu, adipiscing molestie, hendrerit at, vulputate vitae, nisl. Aenean lectus. Pellentesque eget nunc. Donec quis orci eget orci vehicula condimentum. Curabitur in libero ut massa volutpat convallis. Morbi odio odio, elementum eu, interdum eu, tincidunt in, leo.'),
    (31, 35, 42, '2020-10-28 04:08:21', 'Suspendisse potenti. Nullam porttitor lacus at turpis. Donec posuere metus vitae ipsum. Aliquam non mauris. Morbi non lectus. Aliquam sit amet diam in magna bibendum imperdiet.'),
    (32, 51, 41, '2017-04-09 18:49:27', 'Morbi sem mauris, laoreet ut, rhoncus aliquet, pulvinar sed, nisl. Nunc rhoncus dui vel sem. Sed sagittis. Nam congue, risus semper porta volutpat, quam pede lobortis ligula, sit amet eleifend pede libero quis orci. Nullam molestie nibh in lectus. Pellentesque at nulla.'),
    (33, 47, 54, '2019-09-16 01:05:55', 'Vivamus in felis eu sapien cursus vestibulum. Proin eu mi. Nulla ac enim.'),
    (34, 75, 43, '2020-06-19 21:56:30', 'Suspendisse accumsan tortor quis turpis.'),
    (35, 64, 46, '2017-05-12 02:56:28', 'Vestibulum ante ipsum primis in faucibus orci luctus et ultrices posuere cubilia Curae, Duis faucibus accumsan odio. Curabitur convallis. Duis consequat dui nec nisi volutpat eleifend.'),
    (36, 17, 48, '2018-03-04 15:36:55', 'Nam nulla. Integer pede justo, lacinia eget, tincidunt eget, tempus vel, pede. Morbi porttitor lorem id ligula. Suspendisse ornare consequat lectus. In est risus, auctor sed, tristique in, tempus sit amet, sem. Fusce consequat.'),
    (37, 7, 43, '2018-08-30 18:39:26', 'Cras non velit nec nisi vulputate nonummy. Maecenas tincidunt lacus at velit. Vivamus vel nulla eget eros elementum pellentesque. Quisque porta volutpat erat. Quisque erat eros, viverra eget, congue eget, semper rutrum, nulla. Nunc purus. Phasellus in felis. Donec semper sapien a libero. Nam dui. Proin leo odio, porttitor id, consequat in, consequat ut, nulla.'),
    (38, 27, 58, '2017-08-09 11:27:30', 'Nulla suscipit ligula in lacus. Curabitur at ipsum ac tellus semper interdum.'),
    (39, 46, 49, '2019-11-26 10:43:16', 'Donec semper sapien a libero. Nam dui. Proin leo odio, porttitor id, consequat in, consequat ut, nulla. Sed accumsan felis. Ut at dolor quis odio consequat varius. Integer ac leo. Pellentesque ultrices mattis odio.'),
    (40, 34, 51, '2018-05-08 15:44:24', 'Suspendisse potenti. In eleifend quam a odio. In hac habitasse platea dictumst. Maecenas ut massa quis augue luctus tincidunt. Nulla mollis molestie lorem. Quisque ut erat. Curabitur gravida nisi at nibh.'),
    (41, 42, 41, '2020-09-09 06:17:28', 'Etiam faucibus cursus urna.'),
    (42, 71, 63, '2019-03-05 22:01:28', 'Vestibulum ante ipsum primis in faucibus orci luctus et ultrices posuere cubilia Curae, Duis faucibus accumsan odio.'),
    (43, 26, 67, '2020-07-13 05:54:16', 'Cras in purus eu magna vulputate luctus. Cum sociis natoque penatibus et magnis dis parturient montes, nascetur ridiculus mus. Vivamus vestibulum sagittis sapien. Cum sociis natoque penatibus et magnis dis parturient montes, nascetur ridiculus mus. Etiam vel augue. Vestibulum rutrum rutrum neque. Aenean auctor gravida sem.'),
    (44, 70, 68, '2021-03-03 11:28:03', 'Suspendisse potenti. In eleifend quam a odio. In hac habitasse platea dictumst. Maecenas ut massa quis augue luctus tincidunt. Nulla mollis molestie lorem. Quisque ut erat. Curabitur gravida nisi at nibh. In hac habitasse platea dictumst. Aliquam augue quam, sollicitudin vitae, consectetuer eget, rutrum at, lorem.'),
    (45, 28, 48, '2020-06-17 14:28:52', 'Vestibulum quam sapien, varius ut, blandit non, interdum in, ante. Vestibulum ante ipsum primis in faucibus orci luctus et ultrices posuere cubilia Curae, Duis faucibus accumsan odio. Curabitur convallis. Duis consequat dui nec nisi volutpat eleifend. Donec ut dolor. Morbi vel lectus in quam fringilla rhoncus. Mauris enim leo, rhoncus sed, vestibulum sit amet, cursus id, turpis. Integer aliquet, massa id lobortis convallis, tortor risus dapibus augue, vel accumsan tellus nisi eu orci. Mauris lacinia sapien quis libero.'),
    (46, 16, 69, '2018-09-24 18:37:54', 'Duis mattis egestas metus. Aenean fermentum. Donec ut mauris eget massa tempor convallis. Nulla neque libero, convallis eget, eleifend luctus, ultricies eu, nibh. Quisque id justo sit amet sapien dignissim vestibulum. Vestibulum ante ipsum primis in faucibus orci luctus et ultrices posuere cubilia Curae, Nulla dapibus dolor vel est. Donec odio justo, sollicitudin ut, suscipit a, feugiat et, eros. Vestibulum ac est lacinia nisi venenatis tristique. Fusce congue, diam id ornare imperdiet, sapien urna pretium nisl, ut volutpat sapien arcu sed augue. Aliquam erat volutpat.'),
    (47, 34, 48, '2019-08-17 12:58:28', 'Mauris sit amet eros.'),
    (48, 36, 48, '2019-09-05 06:02:51', 'Pellentesque viverra pede ac diam. Cras pellentesque volutpat dui. Maecenas tristique, est et tempus semper, est quam pharetra magna, ac consequat metus sapien ut nunc. Vestibulum ante ipsum primis in faucibus orci luctus et ultrices posuere cubilia Curae, Mauris viverra diam vitae quam. Suspendisse potenti. Nullam porttitor lacus at turpis. Donec posuere metus vitae ipsum. Aliquam non mauris.'),
    (49, 56, 52, '2018-10-15 08:41:15', 'Donec odio justo, sollicitudin ut, suscipit a, feugiat et, eros. Vestibulum ac est lacinia nisi venenatis tristique.'),
    (50, 6, 61, '2020-06-22 16:13:06', 'Vestibulum quam sapien, varius ut, blandit non, interdum in, ante. Vestibulum ante ipsum primis in faucibus orci luctus et ultrices posuere cubilia Curae, Duis faucibus accumsan odio. Curabitur convallis. Duis consequat dui nec nisi volutpat eleifend. Donec ut dolor. Morbi vel lectus in quam fringilla rhoncus. Mauris enim leo, rhoncus sed, vestibulum sit amet, cursus id, turpis.'),
    (51, 59, 60, '2020-10-31 10:19:11', 'Suspendisse potenti. In eleifend quam a odio. In hac habitasse platea dictumst. Maecenas ut massa quis augue luctus tincidunt. Nulla mollis molestie lorem. Quisque ut erat. Curabitur gravida nisi at nibh.'),
    (52, 1, 53, '2020-07-12 14:58:43', 'Suspendisse potenti. Nullam porttitor lacus at turpis. Donec posuere metus vitae ipsum. Aliquam non mauris. Morbi non lectus. Aliquam sit amet diam in magna bibendum imperdiet. Nullam orci pede, venenatis non, sodales sed, tincidunt eu, felis. Fusce posuere felis sed lacus. Morbi sem mauris, laoreet ut, rhoncus aliquet, pulvinar sed, nisl. Nunc rhoncus dui vel sem.'),
    (53, 35, 69, '2018-09-16 16:21:40', 'Proin leo odio, porttitor id, consequat in, consequat ut, nulla. Sed accumsan felis. Ut at dolor quis odio consequat varius. Integer ac leo. Pellentesque ultrices mattis odio. Donec vitae nisi. Nam ultrices, libero non mattis pulvinar, nulla pede ullamcorper augue, a suscipit nulla elit ac nulla. Sed vel enim sit amet nunc viverra dapibus. Nulla suscipit ligula in lacus. Curabitur at ipsum ac tellus semper interdum.'),
    (54, 27, 45, '2020-01-31 00:21:38', 'Donec posuere metus vitae ipsum.'),
    (55, 18, 60, '2018-11-22 21:41:20', 'Phasellus in felis. Donec semper sapien a libero. Nam dui. Proin leo odio, porttitor id, consequat in, consequat ut, nulla. Sed accumsan felis. Ut at dolor quis odio consequat varius. Integer ac leo. Pellentesque ultrices mattis odio. Donec vitae nisi. Nam ultrices, libero non mattis pulvinar, nulla pede ullamcorper augue, a suscipit nulla elit ac nulla.'),
    (56, 17, 62, '2018-06-21 19:01:48', 'Lorem ipsum dolor sit amet, consectetuer adipiscing elit. Proin interdum mauris non ligula pellentesque ultrices. Phasellus id sapien in sapien iaculis congue. Vivamus metus arcu, adipiscing molestie, hendrerit at, vulputate vitae, nisl. Aenean lectus. Pellentesque eget nunc.'),
    (57, 60, 45, '2020-11-11 19:58:09', 'Nam dui. Proin leo odio, porttitor id, consequat in, consequat ut, nulla. Sed accumsan felis.'),
    (58, 52, 46, '2018-09-09 04:29:14', 'Vestibulum ante ipsum primis in faucibus orci luctus et ultrices posuere cubilia Curae, Nulla dapibus dolor vel est. Donec odio justo, sollicitudin ut, suscipit a, feugiat et, eros. Vestibulum ac est lacinia nisi venenatis tristique. Fusce congue, diam id ornare imperdiet, sapien urna pretium nisl, ut volutpat sapien arcu sed augue. Aliquam erat volutpat. In congue. Etiam justo. Etiam pretium iaculis justo.'),
    (59, 47, 58, '2019-02-20 00:52:46', 'Cras pellentesque volutpat dui. Maecenas tristique, est et tempus semper, est quam pharetra magna, ac consequat metus sapien ut nunc. Vestibulum ante ipsum primis in faucibus orci luctus et ultrices posuere cubilia Curae, Mauris viverra diam vitae quam. Suspendisse potenti. Nullam porttitor lacus at turpis. Donec posuere metus vitae ipsum. Aliquam non mauris.'),
    (60, 50, 62, '2020-12-13 20:30:26', 'Curabitur convallis. Duis consequat dui nec nisi volutpat eleifend. Donec ut dolor. Morbi vel lectus in quam fringilla rhoncus. Mauris enim leo, rhoncus sed, vestibulum sit amet, cursus id, turpis. Integer aliquet, massa id lobortis convallis, tortor risus dapibus augue, vel accumsan tellus nisi eu orci. Mauris lacinia sapien quis libero. Nullam sit amet turpis elementum ligula vehicula consequat.'),
    (61, 13, 48, '2017-07-06 21:40:15', 'Duis aliquam convallis nunc. Proin at turpis a pede posuere nonummy. Integer non velit. Donec diam neque, vestibulum eget, vulputate ut, ultrices vel, augue. Vestibulum ante ipsum primis in faucibus orci luctus et ultrices posuere cubilia Curae, Donec pharetra, magna vestibulum aliquet ultrices, erat tortor sollicitudin mi, sit amet lobortis sapien sapien non mi. Integer ac neque. Duis bibendum. Morbi non quam nec dui luctus rutrum. Nulla tellus. In sagittis dui vel nisl.'),
    (62, 75, 58, '2017-04-05 06:13:57', 'Integer pede justo, lacinia eget, tincidunt eget, tempus vel, pede. Morbi porttitor lorem id ligula. Suspendisse ornare consequat lectus. In est risus, auctor sed, tristique in, tempus sit amet, sem. Fusce consequat. Nulla nisl. Nunc nisl. Duis bibendum, felis sed interdum venenatis, turpis enim blandit mi, in porttitor pede justo eu massa.'),
    (63, 41, 44, '2019-12-16 00:11:21', 'Proin at turpis a pede posuere nonummy. Integer non velit.'),
    (64, 68, 42, '2018-01-15 03:43:16', 'Cum sociis natoque penatibus et magnis dis parturient montes, nascetur ridiculus mus. Vivamus vestibulum sagittis sapien.'),
    (65, 36, 45, '2020-06-18 21:26:59', 'Suspendisse potenti. Cras in purus eu magna vulputate luctus. Cum sociis natoque penatibus et magnis dis parturient montes, nascetur ridiculus mus. Vivamus vestibulum sagittis sapien. Cum sociis natoque penatibus et magnis dis parturient montes, nascetur ridiculus mus. Etiam vel augue. Vestibulum rutrum rutrum neque.'),
    (66, 32, 69, '2018-07-06 19:59:10', 'Maecenas ut massa quis augue luctus tincidunt. Nulla mollis molestie lorem. Quisque ut erat. Curabitur gravida nisi at nibh. In hac habitasse platea dictumst. Aliquam augue quam, sollicitudin vitae, consectetuer eget, rutrum at, lorem. Integer tincidunt ante vel ipsum.'),
    (67, 27, 60, '2018-09-30 18:40:17', 'Fusce lacus purus, aliquet at, feugiat non, pretium quis, lectus. Suspendisse potenti. In eleifend quam a odio. In hac habitasse platea dictumst. Maecenas ut massa quis augue luctus tincidunt. Nulla mollis molestie lorem. Quisque ut erat. Curabitur gravida nisi at nibh.'),
    (68, 37, 61, '2020-02-22 05:44:55', 'Nunc purus. Phasellus in felis. Donec semper sapien a libero. Nam dui. Proin leo odio, porttitor id, consequat in, consequat ut, nulla. Sed accumsan felis. Ut at dolor quis odio consequat varius.'),
    (69, 22, 68, '2020-03-26 12:15:00', 'Cras non velit nec nisi vulputate nonummy. Maecenas tincidunt lacus at velit. Vivamus vel nulla eget eros elementum pellentesque. Quisque porta volutpat erat. Quisque erat eros, viverra eget, congue eget, semper rutrum, nulla. Nunc purus.'),
    (70, 46, 66, '2019-06-09 08:49:43', 'Morbi non lectus. Aliquam sit amet diam in magna bibendum imperdiet. Nullam orci pede, venenatis non, sodales sed, tincidunt eu, felis. Fusce posuere felis sed lacus. Morbi sem mauris, laoreet ut, rhoncus aliquet, pulvinar sed, nisl. Nunc rhoncus dui vel sem. Sed sagittis. Nam congue, risus semper porta volutpat, quam pede lobortis ligula, sit amet eleifend pede libero quis orci. Nullam molestie nibh in lectus.'),
    (71, 5, 57, '2017-05-05 04:36:09', 'Integer a nibh. In quis justo. Maecenas rhoncus aliquam lacus. Morbi quis tortor id nulla ultrices aliquet. Maecenas leo odio, condimentum id, luctus nec, molestie sed, justo.'),
    (72, 12, 57, '2019-07-19 08:58:28', 'Nulla mollis molestie lorem. Quisque ut erat.'),
    (73, 2, 43, '2019-12-28 21:10:50', 'Nulla tellus. In sagittis dui vel nisl. Duis ac nibh. Fusce lacus purus, aliquet at, feugiat non, pretium quis, lectus.'),
    (74, 36, 42, '2017-09-11 10:27:05', 'Maecenas tristique, est et tempus semper, est quam pharetra magna, ac consequat metus sapien ut nunc. Vestibulum ante ipsum primis in faucibus orci luctus et ultrices posuere cubilia Curae, Mauris viverra diam vitae quam.'),
    (75, 1, 58, '2017-10-17 14:40:01', 'Fusce lacus purus, aliquet at, feugiat non, pretium quis, lectus. Suspendisse potenti. In eleifend quam a odio.'),
    (76, 18, 48, '2019-06-17 23:08:18', 'Nunc rhoncus dui vel sem. Sed sagittis.'),
    (77, 10, 45, '2018-09-05 14:23:41', 'Nulla nisl. Nunc nisl. Duis bibendum, felis sed interdum venenatis, turpis enim blandit mi, in porttitor pede justo eu massa. Donec dapibus. Duis at velit eu est congue elementum. In hac habitasse platea dictumst. Morbi vestibulum, velit id pretium iaculis, diam erat fermentum justo, nec condimentum neque sapien placerat ante. Nulla justo. Aliquam quis turpis eget elit sodales scelerisque.'),
    (78, 56, 56, '2019-02-28 01:11:25', 'Vestibulum ante ipsum primis in faucibus orci luctus et ultrices posuere cubilia Curae, Nulla dapibus dolor vel est. Donec odio justo, sollicitudin ut, suscipit a, feugiat et, eros. Vestibulum ac est lacinia nisi venenatis tristique. Fusce congue, diam id ornare imperdiet, sapien urna pretium nisl, ut volutpat sapien arcu sed augue. Aliquam erat volutpat. In congue. Etiam justo. Etiam pretium iaculis justo.'),
    (79, 36, 55, '2020-07-26 19:04:32', 'In sagittis dui vel nisl. Duis ac nibh. Fusce lacus purus, aliquet at, feugiat non, pretium quis, lectus. Suspendisse potenti. In eleifend quam a odio. In hac habitasse platea dictumst. Maecenas ut massa quis augue luctus tincidunt. Nulla mollis molestie lorem. Quisque ut erat. Curabitur gravida nisi at nibh.'),
    (80, 34, 64, '2018-08-21 15:45:21', 'Donec semper sapien a libero. Nam dui. Proin leo odio, porttitor id, consequat in, consequat ut, nulla. Sed accumsan felis. Ut at dolor quis odio consequat varius. Integer ac leo. Pellentesque ultrices mattis odio.'),
    (81, 9, 58, '2018-11-27 17:54:50', 'Maecenas pulvinar lobortis est. Phasellus sit amet erat. Nulla tempus. Vivamus in felis eu sapien cursus vestibulum. Proin eu mi. Nulla ac enim.'),
    (82, 45, 65, '2017-08-10 10:10:54', 'In congue. Etiam justo. Etiam pretium iaculis justo.'),
    (83, 38, 58, '2019-03-27 05:47:09', 'Cras non velit nec nisi vulputate nonummy. Maecenas tincidunt lacus at velit. Vivamus vel nulla eget eros elementum pellentesque.'),
    (84, 39, 63, '2019-01-04 23:25:49', 'Curabitur convallis. Duis consequat dui nec nisi volutpat eleifend. Donec ut dolor.'),
    (85, 55, 64, '2018-10-13 17:10:59', 'Praesent id massa id nisl venenatis lacinia. Aenean sit amet justo. Morbi ut odio. Cras mi pede, malesuada in, imperdiet et, commodo vulputate, justo. In blandit ultrices enim. Lorem ipsum dolor sit amet, consectetuer adipiscing elit.'),
    (86, 16, 43, '2020-06-01 12:33:08', 'Nullam varius. Nulla facilisi. Cras non velit nec nisi vulputate nonummy.'),
    (87, 74, 63, '2017-08-01 19:04:23', 'Etiam pretium iaculis justo. In hac habitasse platea dictumst. Etiam faucibus cursus urna.'),
    (88, 54, 64, '2020-06-30 22:00:49', 'Nam tristique tortor eu pede.'),
    (89, 55, 55, '2020-03-04 11:51:29', 'Cum sociis natoque penatibus et magnis dis parturient montes, nascetur ridiculus mus. Vivamus vestibulum sagittis sapien. Cum sociis natoque penatibus et magnis dis parturient montes, nascetur ridiculus mus. Etiam vel augue. Vestibulum rutrum rutrum neque. Aenean auctor gravida sem. Praesent id massa id nisl venenatis lacinia. Aenean sit amet justo. Morbi ut odio. Cras mi pede, malesuada in, imperdiet et, commodo vulputate, justo.'),
    (90, 24, 66, '2020-10-19 03:39:06', 'Donec dapibus. Duis at velit eu est congue elementum. In hac habitasse platea dictumst. Morbi vestibulum, velit id pretium iaculis, diam erat fermentum justo, nec condimentum neque sapien placerat ante. Nulla justo. Aliquam quis turpis eget elit sodales scelerisque. Mauris sit amet eros. Suspendisse accumsan tortor quis turpis. Sed ante. Vivamus tortor.'),
    (91, 48, 53, '2018-05-14 07:53:45', 'Vivamus in felis eu sapien cursus vestibulum. Proin eu mi.'),
    (92, 49, 42, '2018-07-10 07:20:48', 'Proin at turpis a pede posuere nonummy. Integer non velit.'),
    (93, 33, 69, '2020-03-15 08:06:10', 'Duis mattis egestas metus. Aenean fermentum. Donec ut mauris eget massa tempor convallis.'),
    (94, 26, 57, '2019-07-04 09:32:10', 'Nulla ut erat id mauris vulputate elementum. Nullam varius. Nulla facilisi. Cras non velit nec nisi vulputate nonummy. Maecenas tincidunt lacus at velit. Vivamus vel nulla eget eros elementum pellentesque. Quisque porta volutpat erat. Quisque erat eros, viverra eget, congue eget, semper rutrum, nulla. Nunc purus.'),
    (95, 51, 57, '2017-08-15 11:31:58', 'Duis bibendum. Morbi non quam nec dui luctus rutrum. Nulla tellus. In sagittis dui vel nisl. Duis ac nibh. Fusce lacus purus, aliquet at, feugiat non, pretium quis, lectus. Suspendisse potenti.'),
    (96, 28, 50, '2018-05-22 15:25:02', 'Etiam faucibus cursus urna. Ut tellus.'),
    (97, 70, 52, '2019-04-20 08:11:27', 'Duis mattis egestas metus. Aenean fermentum. Donec ut mauris eget massa tempor convallis. Nulla neque libero, convallis eget, eleifend luctus, ultricies eu, nibh. Quisque id justo sit amet sapien dignissim vestibulum. Vestibulum ante ipsum primis in faucibus orci luctus et ultrices posuere cubilia Curae, Nulla dapibus dolor vel est. Donec odio justo, sollicitudin ut, suscipit a, feugiat et, eros. Vestibulum ac est lacinia nisi venenatis tristique. Fusce congue, diam id ornare imperdiet, sapien urna pretium nisl, ut volutpat sapien arcu sed augue. Aliquam erat volutpat.'),
    (98, 5, 44, '2020-11-14 04:55:19', 'Morbi non quam nec dui luctus rutrum. Nulla tellus. In sagittis dui vel nisl.'),
    (99, 38, 70, '2019-11-22 10:49:47', 'Praesent blandit. Nam nulla. Integer pede justo, lacinia eget, tincidunt eget, tempus vel, pede. Morbi porttitor lorem id ligula. Suspendisse ornare consequat lectus. In est risus, auctor sed, tristique in, tempus sit amet, sem. Fusce consequat.'),
    (100, 9, 59, '2021-01-29 22:31:15', 'Duis mattis egestas metus. Aenean fermentum. Donec ut mauris eget massa tempor convallis.'),
    (101, 19, 69, '2018-01-11 02:22:09', 'Nulla facilisi. Cras non velit nec nisi vulputate nonummy. Maecenas tincidunt lacus at velit. Vivamus vel nulla eget eros elementum pellentesque. Quisque porta volutpat erat.'),
    (102, 46, 41, '2020-03-05 09:38:36', 'Aenean fermentum. Donec ut mauris eget massa tempor convallis. Nulla neque libero, convallis eget, eleifend luctus, ultricies eu, nibh. Quisque id justo sit amet sapien dignissim vestibulum. Vestibulum ante ipsum primis in faucibus orci luctus et ultrices posuere cubilia Curae, Nulla dapibus dolor vel est. Donec odio justo, sollicitudin ut, suscipit a, feugiat et, eros. Vestibulum ac est lacinia nisi venenatis tristique. Fusce congue, diam id ornare imperdiet, sapien urna pretium nisl, ut volutpat sapien arcu sed augue. Aliquam erat volutpat. In congue.'),
    (103, 50, 51, '2018-05-07 10:40:46', 'Duis bibendum. Morbi non quam nec dui luctus rutrum. Nulla tellus.'),
    (104, 26, 61, '2020-12-19 22:44:07', 'Integer non velit. Donec diam neque, vestibulum eget, vulputate ut, ultrices vel, augue. Vestibulum ante ipsum primis in faucibus orci luctus et ultrices posuere cubilia Curae, Donec pharetra, magna vestibulum aliquet ultrices, erat tortor sollicitudin mi, sit amet lobortis sapien sapien non mi. Integer ac neque. Duis bibendum. Morbi non quam nec dui luctus rutrum. Nulla tellus.'),
    (105, 29, 43, '2020-10-15 10:39:32', 'In hac habitasse platea dictumst. Morbi vestibulum, velit id pretium iaculis, diam erat fermentum justo, nec condimentum neque sapien placerat ante.'),
    (106, 41, 50, '2019-08-12 02:42:10', 'Vestibulum ac est lacinia nisi venenatis tristique.'),
    (107, 6, 44, '2021-01-07 00:14:45', 'Lorem ipsum dolor sit amet, consectetuer adipiscing elit. Proin interdum mauris non ligula pellentesque ultrices. Phasellus id sapien in sapien iaculis congue. Vivamus metus arcu, adipiscing molestie, hendrerit at, vulputate vitae, nisl.'),
    (108, 70, 48, '2019-01-22 14:51:32', 'Nullam porttitor lacus at turpis. Donec posuere metus vitae ipsum. Aliquam non mauris. Morbi non lectus. Aliquam sit amet diam in magna bibendum imperdiet.'),
    (109, 31, 59, '2018-05-02 05:53:19', 'Vestibulum ac est lacinia nisi venenatis tristique. Fusce congue, diam id ornare imperdiet, sapien urna pretium nisl, ut volutpat sapien arcu sed augue. Aliquam erat volutpat.'),
    (110, 18, 53, '2021-03-23 02:36:16', 'Aliquam erat volutpat. In congue. Etiam justo. Etiam pretium iaculis justo. In hac habitasse platea dictumst.'),
    (111, 9, 56, '2017-10-10 15:31:19', 'Proin risus.'),
    (112, 56, 64, '2018-03-10 15:11:06', 'Morbi non quam nec dui luctus rutrum. Nulla tellus. In sagittis dui vel nisl. Duis ac nibh. Fusce lacus purus, aliquet at, feugiat non, pretium quis, lectus. Suspendisse potenti. In eleifend quam a odio.'),
    (113, 42, 56, '2017-07-12 03:51:01', 'Pellentesque ultrices mattis odio. Donec vitae nisi.'),
    (114, 4, 52, '2020-11-01 07:15:06', 'Etiam vel augue. Vestibulum rutrum rutrum neque. Aenean auctor gravida sem. Praesent id massa id nisl venenatis lacinia. Aenean sit amet justo. Morbi ut odio. Cras mi pede, malesuada in, imperdiet et, commodo vulputate, justo.'),
    (115, 65, 43, '2017-04-06 03:13:09', 'Maecenas tincidunt lacus at velit. Vivamus vel nulla eget eros elementum pellentesque. Quisque porta volutpat erat. Quisque erat eros, viverra eget, congue eget, semper rutrum, nulla. Nunc purus. Phasellus in felis. Donec semper sapien a libero. Nam dui.'),
    (116, 54, 62, '2021-02-04 19:48:40', 'Maecenas tincidunt lacus at velit. Vivamus vel nulla eget eros elementum pellentesque. Quisque porta volutpat erat. Quisque erat eros, viverra eget, congue eget, semper rutrum, nulla. Nunc purus. Phasellus in felis. Donec semper sapien a libero.'),
    (117, 33, 55, '2020-05-02 18:21:04', 'Morbi odio odio, elementum eu, interdum eu, tincidunt in, leo. Maecenas pulvinar lobortis est. Phasellus sit amet erat.'),
    (118, 12, 67, '2017-04-03 20:24:41', 'Vestibulum ante ipsum primis in faucibus orci luctus et ultrices posuere cubilia Curae, Duis faucibus accumsan odio.'),
    (119, 9, 44, '2018-03-25 02:13:53', 'In sagittis dui vel nisl. Duis ac nibh. Fusce lacus purus, aliquet at, feugiat non, pretium quis, lectus. Suspendisse potenti. In eleifend quam a odio. In hac habitasse platea dictumst. Maecenas ut massa quis augue luctus tincidunt.'),
    (120, 64, 52, '2017-12-07 22:01:43', 'Vivamus vestibulum sagittis sapien. Cum sociis natoque penatibus et magnis dis parturient montes, nascetur ridiculus mus. Etiam vel augue.'),
    (121, 32, 60, '2018-03-30 04:58:47', 'Vestibulum sed magna at nunc commodo placerat. Praesent blandit. Nam nulla. Integer pede justo, lacinia eget, tincidunt eget, tempus vel, pede. Morbi porttitor lorem id ligula. Suspendisse ornare consequat lectus. In est risus, auctor sed, tristique in, tempus sit amet, sem. Fusce consequat. Nulla nisl.'),
    (122, 45, 48, '2018-01-25 03:58:22', 'Duis mattis egestas metus. Aenean fermentum. Donec ut mauris eget massa tempor convallis. Nulla neque libero, convallis eget, eleifend luctus, ultricies eu, nibh. Quisque id justo sit amet sapien dignissim vestibulum. Vestibulum ante ipsum primis in faucibus orci luctus et ultrices posuere cubilia Curae, Nulla dapibus dolor vel est. Donec odio justo, sollicitudin ut, suscipit a, feugiat et, eros. Vestibulum ac est lacinia nisi venenatis tristique. Fusce congue, diam id ornare imperdiet, sapien urna pretium nisl, ut volutpat sapien arcu sed augue. Aliquam erat volutpat.'),
    (123, 5, 55, '2020-09-26 20:04:03', 'Donec ut dolor. Morbi vel lectus in quam fringilla rhoncus. Mauris enim leo, rhoncus sed, vestibulum sit amet, cursus id, turpis. Integer aliquet, massa id lobortis convallis, tortor risus dapibus augue, vel accumsan tellus nisi eu orci. Mauris lacinia sapien quis libero. Nullam sit amet turpis elementum ligula vehicula consequat. Morbi a ipsum. Integer a nibh.'),
    (124, 60, 48, '2020-11-14 06:28:03', 'Mauris enim leo, rhoncus sed, vestibulum sit amet, cursus id, turpis. Integer aliquet, massa id lobortis convallis, tortor risus dapibus augue, vel accumsan tellus nisi eu orci.'),
    (125, 62, 59, '2020-01-08 08:05:15', 'Maecenas ut massa quis augue luctus tincidunt. Nulla mollis molestie lorem.'),
    (126, 14, 42, '2020-04-09 05:04:18', 'Nam nulla. Integer pede justo, lacinia eget, tincidunt eget, tempus vel, pede. Morbi porttitor lorem id ligula. Suspendisse ornare consequat lectus. In est risus, auctor sed, tristique in, tempus sit amet, sem.'),
    (127, 60, 64, '2021-03-30 12:12:26', 'In hac habitasse platea dictumst. Aliquam augue quam, sollicitudin vitae, consectetuer eget, rutrum at, lorem. Integer tincidunt ante vel ipsum. Praesent blandit lacinia erat. Vestibulum sed magna at nunc commodo placerat. Praesent blandit. Nam nulla.'),
    (128, 13, 59, '2019-03-01 13:19:06', 'Proin interdum mauris non ligula pellentesque ultrices. Phasellus id sapien in sapien iaculis congue. Vivamus metus arcu, adipiscing molestie, hendrerit at, vulputate vitae, nisl.'),
    (129, 47, 44, '2021-02-10 20:30:28', 'Duis consequat dui nec nisi volutpat eleifend. Donec ut dolor. Morbi vel lectus in quam fringilla rhoncus. Mauris enim leo, rhoncus sed, vestibulum sit amet, cursus id, turpis. Integer aliquet, massa id lobortis convallis, tortor risus dapibus augue, vel accumsan tellus nisi eu orci. Mauris lacinia sapien quis libero. Nullam sit amet turpis elementum ligula vehicula consequat.'),
    (130, 4, 69, '2021-03-22 08:20:43', 'Cum sociis natoque penatibus et magnis dis parturient montes, nascetur ridiculus mus. Vivamus vestibulum sagittis sapien.'),
    (131, 47, 68, '2019-03-11 13:00:43', 'Aenean auctor gravida sem. Praesent id massa id nisl venenatis lacinia. Aenean sit amet justo. Morbi ut odio. Cras mi pede, malesuada in, imperdiet et, commodo vulputate, justo. In blandit ultrices enim. Lorem ipsum dolor sit amet, consectetuer adipiscing elit. Proin interdum mauris non ligula pellentesque ultrices.'),
    (132, 37, 69, '2020-05-31 14:58:31', 'Cras non velit nec nisi vulputate nonummy. Maecenas tincidunt lacus at velit. Vivamus vel nulla eget eros elementum pellentesque. Quisque porta volutpat erat. Quisque erat eros, viverra eget, congue eget, semper rutrum, nulla. Nunc purus.'),
    (133, 16, 52, '2020-09-12 20:07:11', 'Nullam varius. Nulla facilisi. Cras non velit nec nisi vulputate nonummy. Maecenas tincidunt lacus at velit. Vivamus vel nulla eget eros elementum pellentesque. Quisque porta volutpat erat. Quisque erat eros, viverra eget, congue eget, semper rutrum, nulla. Nunc purus. Phasellus in felis. Donec semper sapien a libero.'),
    (134, 61, 49, '2018-11-04 18:38:24', 'In hac habitasse platea dictumst. Etiam faucibus cursus urna. Ut tellus. Nulla ut erat id mauris vulputate elementum. Nullam varius. Nulla facilisi. Cras non velit nec nisi vulputate nonummy. Maecenas tincidunt lacus at velit. Vivamus vel nulla eget eros elementum pellentesque.'),
    (135, 19, 49, '2018-06-08 08:35:49', 'Morbi vestibulum, velit id pretium iaculis, diam erat fermentum justo, nec condimentum neque sapien placerat ante. Nulla justo. Aliquam quis turpis eget elit sodales scelerisque. Mauris sit amet eros. Suspendisse accumsan tortor quis turpis. Sed ante. Vivamus tortor. Duis mattis egestas metus.'),
    (136, 71, 55, '2017-11-26 18:33:13', 'In blandit ultrices enim. Lorem ipsum dolor sit amet, consectetuer adipiscing elit. Proin interdum mauris non ligula pellentesque ultrices. Phasellus id sapien in sapien iaculis congue.'),
    (137, 38, 47, '2018-05-13 04:18:30', 'Morbi sem mauris, laoreet ut, rhoncus aliquet, pulvinar sed, nisl. Nunc rhoncus dui vel sem. Sed sagittis.'),
    (138, 73, 58, '2017-12-22 09:15:09', 'Etiam faucibus cursus urna. Ut tellus. Nulla ut erat id mauris vulputate elementum. Nullam varius. Nulla facilisi. Cras non velit nec nisi vulputate nonummy. Maecenas tincidunt lacus at velit. Vivamus vel nulla eget eros elementum pellentesque.'),
    (139, 73, 54, '2018-02-07 01:33:59', 'Integer ac neque. Duis bibendum. Morbi non quam nec dui luctus rutrum. Nulla tellus.'),
    (140, 16, 70, '2021-02-03 02:11:54', 'Donec odio justo, sollicitudin ut, suscipit a, feugiat et, eros.'),
    (141, 36, 53, '2018-09-22 02:43:30', 'Pellentesque eget nunc. Donec quis orci eget orci vehicula condimentum. Curabitur in libero ut massa volutpat convallis. Morbi odio odio, elementum eu, interdum eu, tincidunt in, leo. Maecenas pulvinar lobortis est.'),
    (142, 2, 45, '2017-11-20 09:24:33', 'Phasellus sit amet erat. Nulla tempus. Vivamus in felis eu sapien cursus vestibulum. Proin eu mi.'),
    (143, 28, 48, '2017-06-24 00:03:43', 'Aliquam augue quam, sollicitudin vitae, consectetuer eget, rutrum at, lorem. Integer tincidunt ante vel ipsum. Praesent blandit lacinia erat. Vestibulum sed magna at nunc commodo placerat. Praesent blandit. Nam nulla. Integer pede justo, lacinia eget, tincidunt eget, tempus vel, pede.'),
    (144, 2, 46, '2018-04-01 10:39:24', 'Integer non velit. Donec diam neque, vestibulum eget, vulputate ut, ultrices vel, augue. Vestibulum ante ipsum primis in faucibus orci luctus et ultrices posuere cubilia Curae, Donec pharetra, magna vestibulum aliquet ultrices, erat tortor sollicitudin mi, sit amet lobortis sapien sapien non mi. Integer ac neque. Duis bibendum. Morbi non quam nec dui luctus rutrum.'),
    (145, 5, 46, '2020-12-06 18:45:39', 'Cras non velit nec nisi vulputate nonummy. Maecenas tincidunt lacus at velit. Vivamus vel nulla eget eros elementum pellentesque.'),
    (146, 40, 52, '2017-10-24 04:13:35', 'Praesent blandit lacinia erat. Vestibulum sed magna at nunc commodo placerat. Praesent blandit. Nam nulla. Integer pede justo, lacinia eget, tincidunt eget, tempus vel, pede. Morbi porttitor lorem id ligula. Suspendisse ornare consequat lectus. In est risus, auctor sed, tristique in, tempus sit amet, sem. Fusce consequat.'),
    (147, 57, 47, '2018-07-31 03:28:06', 'Sed accumsan felis.'),
    (148, 30, 41, '2018-09-18 06:34:18', 'Suspendisse potenti. In eleifend quam a odio. In hac habitasse platea dictumst. Maecenas ut massa quis augue luctus tincidunt. Nulla mollis molestie lorem.'),
    (149, 63, 54, '2018-07-14 23:47:03', 'Vestibulum quam sapien, varius ut, blandit non, interdum in, ante. Vestibulum ante ipsum primis in faucibus orci luctus et ultrices posuere cubilia Curae, Duis faucibus accumsan odio. Curabitur convallis.'),
    (150, 74, 69, '2019-08-16 05:26:26', 'Sed accumsan felis. Ut at dolor quis odio consequat varius. Integer ac leo. Pellentesque ultrices mattis odio.'),
    (151, 44, 47, '2020-09-10 14:47:25', 'Nam dui. Proin leo odio, porttitor id, consequat in, consequat ut, nulla. Sed accumsan felis. Ut at dolor quis odio consequat varius. Integer ac leo. Pellentesque ultrices mattis odio. Donec vitae nisi. Nam ultrices, libero non mattis pulvinar, nulla pede ullamcorper augue, a suscipit nulla elit ac nulla. Sed vel enim sit amet nunc viverra dapibus. Nulla suscipit ligula in lacus.'),
    (152, 32, 44, '2019-03-11 13:12:53', 'Vestibulum rutrum rutrum neque.'),
    (153, 14, 61, '2017-12-25 17:26:23', 'Nam nulla. Integer pede justo, lacinia eget, tincidunt eget, tempus vel, pede. Morbi porttitor lorem id ligula. Suspendisse ornare consequat lectus. In est risus, auctor sed, tristique in, tempus sit amet, sem. Fusce consequat. Nulla nisl.'),
    (154, 27, 61, '2018-07-02 06:03:49', 'Vestibulum ante ipsum primis in faucibus orci luctus et ultrices posuere cubilia Curae, Donec pharetra, magna vestibulum aliquet ultrices, erat tortor sollicitudin mi, sit amet lobortis sapien sapien non mi. Integer ac neque. Duis bibendum. Morbi non quam nec dui luctus rutrum. Nulla tellus. In sagittis dui vel nisl. Duis ac nibh. Fusce lacus purus, aliquet at, feugiat non, pretium quis, lectus.'),
    (155, 22, 48, '2019-12-31 16:27:54', 'Nunc nisl. Duis bibendum, felis sed interdum venenatis, turpis enim blandit mi, in porttitor pede justo eu massa. Donec dapibus. Duis at velit eu est congue elementum.'),
    (156, 35, 42, '2018-09-10 00:05:30', 'Donec semper sapien a libero. Nam dui. Proin leo odio, porttitor id, consequat in, consequat ut, nulla. Sed accumsan felis. Ut at dolor quis odio consequat varius. Integer ac leo.'),
    (157, 20, 59, '2020-05-23 13:31:25', 'Cras pellentesque volutpat dui. Maecenas tristique, est et tempus semper, est quam pharetra magna, ac consequat metus sapien ut nunc. Vestibulum ante ipsum primis in faucibus orci luctus et ultrices posuere cubilia Curae, Mauris viverra diam vitae quam. Suspendisse potenti. Nullam porttitor lacus at turpis.'),
    (158, 39, 58, '2019-06-15 12:31:53', 'Morbi porttitor lorem id ligula. Suspendisse ornare consequat lectus. In est risus, auctor sed, tristique in, tempus sit amet, sem. Fusce consequat. Nulla nisl.'),
    (159, 27, 70, '2019-05-21 09:23:28', 'Aliquam non mauris.'),
    (160, 48, 58, '2019-03-03 01:25:04', 'Etiam vel augue. Vestibulum rutrum rutrum neque. Aenean auctor gravida sem. Praesent id massa id nisl venenatis lacinia. Aenean sit amet justo. Morbi ut odio. Cras mi pede, malesuada in, imperdiet et, commodo vulputate, justo.'),
    (161, 61, 69, '2020-01-31 03:48:43', 'Fusce congue, diam id ornare imperdiet, sapien urna pretium nisl, ut volutpat sapien arcu sed augue. Aliquam erat volutpat. In congue. Etiam justo. Etiam pretium iaculis justo. In hac habitasse platea dictumst. Etiam faucibus cursus urna. Ut tellus. Nulla ut erat id mauris vulputate elementum.'),
    (162, 58, 52, '2020-07-17 13:31:20', 'Nam dui. Proin leo odio, porttitor id, consequat in, consequat ut, nulla. Sed accumsan felis. Ut at dolor quis odio consequat varius. Integer ac leo. Pellentesque ultrices mattis odio. Donec vitae nisi.'),
    (163, 75, 52, '2018-07-27 09:35:24', 'Etiam vel augue. Vestibulum rutrum rutrum neque. Aenean auctor gravida sem. Praesent id massa id nisl venenatis lacinia. Aenean sit amet justo. Morbi ut odio. Cras mi pede, malesuada in, imperdiet et, commodo vulputate, justo. In blandit ultrices enim. Lorem ipsum dolor sit amet, consectetuer adipiscing elit.'),
    (164, 71, 53, '2017-07-15 21:44:16', 'In est risus, auctor sed, tristique in, tempus sit amet, sem.'),
    (165, 20, 55, '2017-10-29 10:43:48', 'Quisque id justo sit amet sapien dignissim vestibulum. Vestibulum ante ipsum primis in faucibus orci luctus et ultrices posuere cubilia Curae, Nulla dapibus dolor vel est. Donec odio justo, sollicitudin ut, suscipit a, feugiat et, eros. Vestibulum ac est lacinia nisi venenatis tristique. Fusce congue, diam id ornare imperdiet, sapien urna pretium nisl, ut volutpat sapien arcu sed augue. Aliquam erat volutpat. In congue.'),
    (166, 30, 53, '2019-12-08 01:21:07', 'Morbi sem mauris, laoreet ut, rhoncus aliquet, pulvinar sed, nisl. Nunc rhoncus dui vel sem. Sed sagittis. Nam congue, risus semper porta volutpat, quam pede lobortis ligula, sit amet eleifend pede libero quis orci. Nullam molestie nibh in lectus. Pellentesque at nulla. Suspendisse potenti. Cras in purus eu magna vulputate luctus. Cum sociis natoque penatibus et magnis dis parturient montes, nascetur ridiculus mus.'),
    (167, 56, 67, '2020-02-25 16:03:12', 'Nullam porttitor lacus at turpis. Donec posuere metus vitae ipsum. Aliquam non mauris. Morbi non lectus.'),
    (168, 42, 69, '2017-12-10 15:51:07', 'Integer aliquet, massa id lobortis convallis, tortor risus dapibus augue, vel accumsan tellus nisi eu orci. Mauris lacinia sapien quis libero. Nullam sit amet turpis elementum ligula vehicula consequat. Morbi a ipsum. Integer a nibh.'),
    (169, 67, 62, '2018-11-28 22:29:04', 'Nullam orci pede, venenatis non, sodales sed, tincidunt eu, felis. Fusce posuere felis sed lacus.'),
    (170, 72, 52, '2019-01-25 00:36:07', 'Nulla neque libero, convallis eget, eleifend luctus, ultricies eu, nibh. Quisque id justo sit amet sapien dignissim vestibulum. Vestibulum ante ipsum primis in faucibus orci luctus et ultrices posuere cubilia Curae, Nulla dapibus dolor vel est. Donec odio justo, sollicitudin ut, suscipit a, feugiat et, eros. Vestibulum ac est lacinia nisi venenatis tristique. Fusce congue, diam id ornare imperdiet, sapien urna pretium nisl, ut volutpat sapien arcu sed augue. Aliquam erat volutpat. In congue. Etiam justo.'),
    (171, 37, 55, '2020-07-13 14:02:29', 'Cum sociis natoque penatibus et magnis dis parturient montes, nascetur ridiculus mus. Etiam vel augue.'),
    (172, 33, 53, '2020-02-27 10:13:52', 'Nullam varius. Nulla facilisi. Cras non velit nec nisi vulputate nonummy. Maecenas tincidunt lacus at velit. Vivamus vel nulla eget eros elementum pellentesque. Quisque porta volutpat erat.'),
    (173, 48, 62, '2017-05-04 20:07:20', 'Vestibulum sed magna at nunc commodo placerat. Praesent blandit. Nam nulla. Integer pede justo, lacinia eget, tincidunt eget, tempus vel, pede. Morbi porttitor lorem id ligula. Suspendisse ornare consequat lectus. In est risus, auctor sed, tristique in, tempus sit amet, sem. Fusce consequat. Nulla nisl.'),
    (174, 46, 57, '2018-03-24 08:38:32', 'Vivamus vestibulum sagittis sapien. Cum sociis natoque penatibus et magnis dis parturient montes, nascetur ridiculus mus. Etiam vel augue. Vestibulum rutrum rutrum neque.'),
    (175, 17, 55, '2017-12-21 16:05:30', 'Donec vitae nisi. Nam ultrices, libero non mattis pulvinar, nulla pede ullamcorper augue, a suscipit nulla elit ac nulla. Sed vel enim sit amet nunc viverra dapibus. Nulla suscipit ligula in lacus.'),
    (176, 39, 61, '2018-03-27 19:04:32', 'Donec dapibus. Duis at velit eu est congue elementum. In hac habitasse platea dictumst. Morbi vestibulum, velit id pretium iaculis, diam erat fermentum justo, nec condimentum neque sapien placerat ante. Nulla justo. Aliquam quis turpis eget elit sodales scelerisque. Mauris sit amet eros.'),
    (177, 74, 58, '2019-01-31 05:06:57', 'In hac habitasse platea dictumst. Morbi vestibulum, velit id pretium iaculis, diam erat fermentum justo, nec condimentum neque sapien placerat ante. Nulla justo. Aliquam quis turpis eget elit sodales scelerisque. Mauris sit amet eros.'),
    (178, 58, 60, '2020-03-07 02:59:36', 'Donec posuere metus vitae ipsum. Aliquam non mauris. Morbi non lectus. Aliquam sit amet diam in magna bibendum imperdiet. Nullam orci pede, venenatis non, sodales sed, tincidunt eu, felis. Fusce posuere felis sed lacus. Morbi sem mauris, laoreet ut, rhoncus aliquet, pulvinar sed, nisl. Nunc rhoncus dui vel sem. Sed sagittis. Nam congue, risus semper porta volutpat, quam pede lobortis ligula, sit amet eleifend pede libero quis orci.'),
    (179, 44, 57, '2021-02-06 15:34:26', 'Curabitur gravida nisi at nibh. In hac habitasse platea dictumst. Aliquam augue quam, sollicitudin vitae, consectetuer eget, rutrum at, lorem. Integer tincidunt ante vel ipsum. Praesent blandit lacinia erat. Vestibulum sed magna at nunc commodo placerat. Praesent blandit. Nam nulla.'),
    (180, 21, 66, '2020-01-09 04:34:02', 'Phasellus in felis. Donec semper sapien a libero. Nam dui. Proin leo odio, porttitor id, consequat in, consequat ut, nulla.'),
    (181, 38, 42, '2019-03-14 05:40:24', 'Aliquam non mauris. Morbi non lectus. Aliquam sit amet diam in magna bibendum imperdiet. Nullam orci pede, venenatis non, sodales sed, tincidunt eu, felis. Fusce posuere felis sed lacus. Morbi sem mauris, laoreet ut, rhoncus aliquet, pulvinar sed, nisl. Nunc rhoncus dui vel sem. Sed sagittis. Nam congue, risus semper porta volutpat, quam pede lobortis ligula, sit amet eleifend pede libero quis orci. Nullam molestie nibh in lectus.'),
    (182, 3, 55, '2018-08-03 04:12:01', 'Morbi sem mauris, laoreet ut, rhoncus aliquet, pulvinar sed, nisl. Nunc rhoncus dui vel sem. Sed sagittis.'),
    (183, 3, 41, '2018-04-18 00:28:34', 'Proin risus. Praesent lectus. Vestibulum quam sapien, varius ut, blandit non, interdum in, ante. Vestibulum ante ipsum primis in faucibus orci luctus et ultrices posuere cubilia Curae, Duis faucibus accumsan odio. Curabitur convallis.'),
    (184, 11, 46, '2017-08-28 19:22:02', 'Vivamus metus arcu, adipiscing molestie, hendrerit at, vulputate vitae, nisl. Aenean lectus. Pellentesque eget nunc. Donec quis orci eget orci vehicula condimentum. Curabitur in libero ut massa volutpat convallis. Morbi odio odio, elementum eu, interdum eu, tincidunt in, leo. Maecenas pulvinar lobortis est.'),
    (185, 48, 70, '2020-08-20 00:19:06', 'Maecenas leo odio, condimentum id, luctus nec, molestie sed, justo. Pellentesque viverra pede ac diam. Cras pellentesque volutpat dui. Maecenas tristique, est et tempus semper, est quam pharetra magna, ac consequat metus sapien ut nunc. Vestibulum ante ipsum primis in faucibus orci luctus et ultrices posuere cubilia Curae, Mauris viverra diam vitae quam.'),
    (186, 54, 44, '2020-08-08 07:50:26', 'Etiam faucibus cursus urna. Ut tellus. Nulla ut erat id mauris vulputate elementum. Nullam varius. Nulla facilisi. Cras non velit nec nisi vulputate nonummy. Maecenas tincidunt lacus at velit.'),
    (187, 62, 47, '2018-11-07 08:01:26', 'Donec semper sapien a libero. Nam dui. Proin leo odio, porttitor id, consequat in, consequat ut, nulla. Sed accumsan felis. Ut at dolor quis odio consequat varius. Integer ac leo. Pellentesque ultrices mattis odio. Donec vitae nisi.'),
    (188, 50, 54, '2019-04-21 10:09:49', 'Morbi non lectus. Aliquam sit amet diam in magna bibendum imperdiet.'),
    (189, 46, 56, '2021-02-15 18:21:04', 'Curabitur gravida nisi at nibh. In hac habitasse platea dictumst. Aliquam augue quam, sollicitudin vitae, consectetuer eget, rutrum at, lorem.'),
    (190, 13, 69, '2018-06-20 01:01:58', 'Morbi odio odio, elementum eu, interdum eu, tincidunt in, leo. Maecenas pulvinar lobortis est. Phasellus sit amet erat. Nulla tempus. Vivamus in felis eu sapien cursus vestibulum. Proin eu mi.'),
    (191, 23, 50, '2019-11-29 20:13:24', 'Sed sagittis. Nam congue, risus semper porta volutpat, quam pede lobortis ligula, sit amet eleifend pede libero quis orci. Nullam molestie nibh in lectus. Pellentesque at nulla. Suspendisse potenti. Cras in purus eu magna vulputate luctus. Cum sociis natoque penatibus et magnis dis parturient montes, nascetur ridiculus mus. Vivamus vestibulum sagittis sapien.'),
    (192, 23, 63, '2017-12-26 04:34:35', 'Donec ut dolor.'),
    (193, 40, 69, '2020-04-16 13:08:37', 'Donec dapibus. Duis at velit eu est congue elementum. In hac habitasse platea dictumst.'),
    (194, 26, 53, '2020-09-20 23:07:59', 'Morbi porttitor lorem id ligula. Suspendisse ornare consequat lectus. In est risus, auctor sed, tristique in, tempus sit amet, sem. Fusce consequat.'),
    (195, 12, 69, '2019-01-12 23:33:01', 'Vestibulum ante ipsum primis in faucibus orci luctus et ultrices posuere cubilia Curae, Duis faucibus accumsan odio. Curabitur convallis. Duis consequat dui nec nisi volutpat eleifend.'),
    (196, 58, 44, '2020-03-10 22:12:51', 'Aenean fermentum. Donec ut mauris eget massa tempor convallis.'),
    (197, 4, 64, '2017-11-02 18:02:48', 'Cras non velit nec nisi vulputate nonummy. Maecenas tincidunt lacus at velit. Vivamus vel nulla eget eros elementum pellentesque. Quisque porta volutpat erat. Quisque erat eros, viverra eget, congue eget, semper rutrum, nulla. Nunc purus. Phasellus in felis. Donec semper sapien a libero. Nam dui. Proin leo odio, porttitor id, consequat in, consequat ut, nulla.'),
    (198, 43, 62, '2017-12-14 14:03:24', 'Nullam porttitor lacus at turpis. Donec posuere metus vitae ipsum.'),
    (199, 17, 57, '2020-07-24 13:36:49', 'Etiam faucibus cursus urna. Ut tellus. Nulla ut erat id mauris vulputate elementum. Nullam varius. Nulla facilisi.'),
    (200, 48, 62, '2017-05-20 10:16:21', 'In hac habitasse platea dictumst. Etiam faucibus cursus urna. Ut tellus. Nulla ut erat id mauris vulputate elementum. Nullam varius. Nulla facilisi.'),
    (201, 48, 49, '2020-12-28 06:38:39', 'Quisque porta volutpat erat. Quisque erat eros, viverra eget, congue eget, semper rutrum, nulla. Nunc purus. Phasellus in felis. Donec semper sapien a libero. Nam dui. Proin leo odio, porttitor id, consequat in, consequat ut, nulla.'),
    (202, 69, 56, '2018-09-29 03:34:08', 'Proin leo odio, porttitor id, consequat in, consequat ut, nulla. Sed accumsan felis. Ut at dolor quis odio consequat varius. Integer ac leo. Pellentesque ultrices mattis odio.'),
    (203, 39, 41, '2020-02-11 23:23:42', 'Nulla justo.'),
    (204, 50, 46, '2020-09-10 16:55:00', 'Aenean lectus. Pellentesque eget nunc. Donec quis orci eget orci vehicula condimentum. Curabitur in libero ut massa volutpat convallis. Morbi odio odio, elementum eu, interdum eu, tincidunt in, leo. Maecenas pulvinar lobortis est.'),
    (205, 7, 45, '2019-12-04 14:43:35', 'Suspendisse potenti. Cras in purus eu magna vulputate luctus. Cum sociis natoque penatibus et magnis dis parturient montes, nascetur ridiculus mus. Vivamus vestibulum sagittis sapien.'),
    (206, 35, 50, '2017-10-30 01:31:25', 'Cum sociis natoque penatibus et magnis dis parturient montes, nascetur ridiculus mus.'),
    (207, 57, 70, '2018-06-28 00:08:13', 'Maecenas ut massa quis augue luctus tincidunt. Nulla mollis molestie lorem. Quisque ut erat. Curabitur gravida nisi at nibh. In hac habitasse platea dictumst. Aliquam augue quam, sollicitudin vitae, consectetuer eget, rutrum at, lorem. Integer tincidunt ante vel ipsum. Praesent blandit lacinia erat. Vestibulum sed magna at nunc commodo placerat.'),
    (208, 40, 45, '2019-04-04 08:05:36', 'Proin leo odio, porttitor id, consequat in, consequat ut, nulla. Sed accumsan felis. Ut at dolor quis odio consequat varius. Integer ac leo. Pellentesque ultrices mattis odio. Donec vitae nisi.'),
    (209, 41, 70, '2019-07-27 11:49:36', 'Aliquam non mauris. Morbi non lectus.'),
    (210, 41, 58, '2017-10-06 06:37:57', 'Duis at velit eu est congue elementum.'),
    (211, 36, 67, '2020-07-31 10:20:21', 'Duis at velit eu est congue elementum. In hac habitasse platea dictumst. Morbi vestibulum, velit id pretium iaculis, diam erat fermentum justo, nec condimentum neque sapien placerat ante. Nulla justo. Aliquam quis turpis eget elit sodales scelerisque. Mauris sit amet eros. Suspendisse accumsan tortor quis turpis.'),
    (212, 3, 54, '2019-09-06 09:55:55', 'Etiam faucibus cursus urna. Ut tellus. Nulla ut erat id mauris vulputate elementum. Nullam varius. Nulla facilisi. Cras non velit nec nisi vulputate nonummy. Maecenas tincidunt lacus at velit. Vivamus vel nulla eget eros elementum pellentesque.'),
    (213, 63, 68, '2017-10-14 00:08:28', 'Curabitur at ipsum ac tellus semper interdum. Mauris ullamcorper purus sit amet nulla. Quisque arcu libero, rutrum ac, lobortis vel, dapibus at, diam.'),
    (214, 35, 41, '2017-05-06 23:24:40', 'Donec diam neque, vestibulum eget, vulputate ut, ultrices vel, augue. Vestibulum ante ipsum primis in faucibus orci luctus et ultrices posuere cubilia Curae, Donec pharetra, magna vestibulum aliquet ultrices, erat tortor sollicitudin mi, sit amet lobortis sapien sapien non mi. Integer ac neque. Duis bibendum. Morbi non quam nec dui luctus rutrum.'),
    (215, 61, 51, '2020-02-18 01:06:12', 'Maecenas rhoncus aliquam lacus. Morbi quis tortor id nulla ultrices aliquet. Maecenas leo odio, condimentum id, luctus nec, molestie sed, justo. Pellentesque viverra pede ac diam. Cras pellentesque volutpat dui. Maecenas tristique, est et tempus semper, est quam pharetra magna, ac consequat metus sapien ut nunc. Vestibulum ante ipsum primis in faucibus orci luctus et ultrices posuere cubilia Curae, Mauris viverra diam vitae quam.'),
    (216, 3, 55, '2017-09-09 11:11:50', 'Nulla ut erat id mauris vulputate elementum. Nullam varius. Nulla facilisi. Cras non velit nec nisi vulputate nonummy. Maecenas tincidunt lacus at velit. Vivamus vel nulla eget eros elementum pellentesque. Quisque porta volutpat erat. Quisque erat eros, viverra eget, congue eget, semper rutrum, nulla. Nunc purus.'),
    (217, 53, 46, '2019-02-08 22:24:30', 'Curabitur gravida nisi at nibh. In hac habitasse platea dictumst. Aliquam augue quam, sollicitudin vitae, consectetuer eget, rutrum at, lorem. Integer tincidunt ante vel ipsum. Praesent blandit lacinia erat. Vestibulum sed magna at nunc commodo placerat. Praesent blandit. Nam nulla.'),
    (218, 70, 48, '2017-12-01 04:28:57', 'Mauris lacinia sapien quis libero. Nullam sit amet turpis elementum ligula vehicula consequat. Morbi a ipsum. Integer a nibh. In quis justo. Maecenas rhoncus aliquam lacus. Morbi quis tortor id nulla ultrices aliquet.'),
    (219, 26, 51, '2020-05-01 20:55:13', 'Vivamus vestibulum sagittis sapien. Cum sociis natoque penatibus et magnis dis parturient montes, nascetur ridiculus mus. Etiam vel augue. Vestibulum rutrum rutrum neque. Aenean auctor gravida sem. Praesent id massa id nisl venenatis lacinia. Aenean sit amet justo.'),
    (220, 42, 67, '2019-01-01 02:06:41', 'Fusce posuere felis sed lacus. Morbi sem mauris, laoreet ut, rhoncus aliquet, pulvinar sed, nisl. Nunc rhoncus dui vel sem. Sed sagittis. Nam congue, risus semper porta volutpat, quam pede lobortis ligula, sit amet eleifend pede libero quis orci.'),
    (221, 50, 57, '2020-03-26 12:46:43', 'Donec ut dolor. Morbi vel lectus in quam fringilla rhoncus. Mauris enim leo, rhoncus sed, vestibulum sit amet, cursus id, turpis.'),
    (222, 52, 55, '2020-11-08 18:13:40', 'Duis ac nibh. Fusce lacus purus, aliquet at, feugiat non, pretium quis, lectus. Suspendisse potenti. In eleifend quam a odio. In hac habitasse platea dictumst. Maecenas ut massa quis augue luctus tincidunt. Nulla mollis molestie lorem. Quisque ut erat. Curabitur gravida nisi at nibh.'),
    (223, 25, 64, '2017-09-16 02:04:38', 'Sed sagittis.'),
    (224, 52, 42, '2019-09-17 00:42:11', 'Vivamus in felis eu sapien cursus vestibulum.'),
    (225, 20, 70, '2018-07-22 03:49:20', 'Nulla nisl. Nunc nisl. Duis bibendum, felis sed interdum venenatis, turpis enim blandit mi, in porttitor pede justo eu massa. Donec dapibus. Duis at velit eu est congue elementum. In hac habitasse platea dictumst. Morbi vestibulum, velit id pretium iaculis, diam erat fermentum justo, nec condimentum neque sapien placerat ante. Nulla justo. Aliquam quis turpis eget elit sodales scelerisque.'),
    (226, 46, 47, '2017-08-05 16:02:00', 'Etiam pretium iaculis justo. In hac habitasse platea dictumst. Etiam faucibus cursus urna. Ut tellus. Nulla ut erat id mauris vulputate elementum. Nullam varius. Nulla facilisi. Cras non velit nec nisi vulputate nonummy. Maecenas tincidunt lacus at velit.'),
    (227, 56, 61, '2019-12-22 13:40:28', 'Donec semper sapien a libero.'),
    (228, 1, 62, '2019-11-30 02:36:41', 'Maecenas tincidunt lacus at velit. Vivamus vel nulla eget eros elementum pellentesque. Quisque porta volutpat erat.'),
    (229, 54, 56, '2019-01-23 21:30:05', 'Vivamus metus arcu, adipiscing molestie, hendrerit at, vulputate vitae, nisl. Aenean lectus.'),
    (230, 34, 42, '2018-12-05 23:37:14', 'Nullam varius. Nulla facilisi.'),
    (231, 37, 50, '2021-03-10 02:56:52', 'Praesent blandit. Nam nulla. Integer pede justo, lacinia eget, tincidunt eget, tempus vel, pede. Morbi porttitor lorem id ligula.'),
    (232, 6, 45, '2018-11-30 19:59:51', 'Maecenas rhoncus aliquam lacus. Morbi quis tortor id nulla ultrices aliquet. Maecenas leo odio, condimentum id, luctus nec, molestie sed, justo. Pellentesque viverra pede ac diam.'),
    (233, 12, 57, '2018-04-14 14:29:52', 'Vivamus tortor. Duis mattis egestas metus. Aenean fermentum. Donec ut mauris eget massa tempor convallis. Nulla neque libero, convallis eget, eleifend luctus, ultricies eu, nibh. Quisque id justo sit amet sapien dignissim vestibulum. Vestibulum ante ipsum primis in faucibus orci luctus et ultrices posuere cubilia Curae, Nulla dapibus dolor vel est. Donec odio justo, sollicitudin ut, suscipit a, feugiat et, eros. Vestibulum ac est lacinia nisi venenatis tristique. Fusce congue, diam id ornare imperdiet, sapien urna pretium nisl, ut volutpat sapien arcu sed augue.'),
    (234, 72, 67, '2020-06-08 16:16:48', 'Pellentesque eget nunc. Donec quis orci eget orci vehicula condimentum. Curabitur in libero ut massa volutpat convallis.'),
    (235, 7, 63, '2019-10-24 21:55:55', 'Lorem ipsum dolor sit amet, consectetuer adipiscing elit. Proin risus. Praesent lectus. Vestibulum quam sapien, varius ut, blandit non, interdum in, ante.'),
    (236, 69, 57, '2018-12-06 09:45:27', 'Donec diam neque, vestibulum eget, vulputate ut, ultrices vel, augue. Vestibulum ante ipsum primis in faucibus orci luctus et ultrices posuere cubilia Curae, Donec pharetra, magna vestibulum aliquet ultrices, erat tortor sollicitudin mi, sit amet lobortis sapien sapien non mi. Integer ac neque. Duis bibendum.'),
    (237, 16, 56, '2017-05-15 00:28:23', 'Donec dapibus. Duis at velit eu est congue elementum. In hac habitasse platea dictumst. Morbi vestibulum, velit id pretium iaculis, diam erat fermentum justo, nec condimentum neque sapien placerat ante.'),
    (238, 37, 48, '2018-07-25 15:16:01', 'In congue. Etiam justo. Etiam pretium iaculis justo.'),
    (239, 41, 60, '2020-06-04 11:41:30', 'Vivamus vestibulum sagittis sapien. Cum sociis natoque penatibus et magnis dis parturient montes, nascetur ridiculus mus. Etiam vel augue. Vestibulum rutrum rutrum neque. Aenean auctor gravida sem. Praesent id massa id nisl venenatis lacinia.'),
    (240, 55, 58, '2019-08-23 02:47:53', 'Donec posuere metus vitae ipsum. Aliquam non mauris. Morbi non lectus. Aliquam sit amet diam in magna bibendum imperdiet. Nullam orci pede, venenatis non, sodales sed, tincidunt eu, felis. Fusce posuere felis sed lacus. Morbi sem mauris, laoreet ut, rhoncus aliquet, pulvinar sed, nisl.'),
    (241, 65, 68, '2020-04-25 18:13:00', 'Suspendisse potenti.'),
    (242, 15, 66, '2021-03-04 12:02:06', 'Nullam molestie nibh in lectus. Pellentesque at nulla. Suspendisse potenti. Cras in purus eu magna vulputate luctus. Cum sociis natoque penatibus et magnis dis parturient montes, nascetur ridiculus mus. Vivamus vestibulum sagittis sapien. Cum sociis natoque penatibus et magnis dis parturient montes, nascetur ridiculus mus. Etiam vel augue. Vestibulum rutrum rutrum neque.'),
    (243, 46, 62, '2020-11-17 08:50:30', 'Nullam varius. Nulla facilisi. Cras non velit nec nisi vulputate nonummy. Maecenas tincidunt lacus at velit. Vivamus vel nulla eget eros elementum pellentesque. Quisque porta volutpat erat.'),
    (244, 53, 43, '2021-01-10 19:46:30', 'Aliquam erat volutpat. In congue. Etiam justo. Etiam pretium iaculis justo. In hac habitasse platea dictumst.'),
    (245, 56, 48, '2020-10-10 22:25:02', 'In tempor, turpis nec euismod scelerisque, quam turpis adipiscing lorem, vitae mattis nibh ligula nec sem. Duis aliquam convallis nunc. Proin at turpis a pede posuere nonummy.'),
    (246, 48, 61, '2019-11-18 12:44:34', 'Aliquam augue quam, sollicitudin vitae, consectetuer eget, rutrum at, lorem. Integer tincidunt ante vel ipsum. Praesent blandit lacinia erat. Vestibulum sed magna at nunc commodo placerat. Praesent blandit.'),
    (247, 60, 44, '2018-09-19 09:48:55', 'Proin at turpis a pede posuere nonummy. Integer non velit. Donec diam neque, vestibulum eget, vulputate ut, ultrices vel, augue. Vestibulum ante ipsum primis in faucibus orci luctus et ultrices posuere cubilia Curae, Donec pharetra, magna vestibulum aliquet ultrices, erat tortor sollicitudin mi, sit amet lobortis sapien sapien non mi. Integer ac neque. Duis bibendum. Morbi non quam nec dui luctus rutrum. Nulla tellus.'),
    (248, 9, 61, '2017-10-06 04:25:41', 'Curabitur convallis.'),
    (249, 33, 41, '2019-03-29 19:50:29', 'In sagittis dui vel nisl. Duis ac nibh. Fusce lacus purus, aliquet at, feugiat non, pretium quis, lectus.'),
    (250, 56, 70, '2018-11-26 23:52:50', 'Aenean fermentum. Donec ut mauris eget massa tempor convallis. Nulla neque libero, convallis eget, eleifend luctus, ultricies eu, nibh. Quisque id justo sit amet sapien dignissim vestibulum. Vestibulum ante ipsum primis in faucibus orci luctus et ultrices posuere cubilia Curae, Nulla dapibus dolor vel est.'),
    (251, 47, 49, '2020-09-16 03:11:50', 'Quisque porta volutpat erat. Quisque erat eros, viverra eget, congue eget, semper rutrum, nulla. Nunc purus. Phasellus in felis. Donec semper sapien a libero. Nam dui. Proin leo odio, porttitor id, consequat in, consequat ut, nulla.'),
    (252, 54, 57, '2019-10-12 00:39:53', 'Phasellus id sapien in sapien iaculis congue. Vivamus metus arcu, adipiscing molestie, hendrerit at, vulputate vitae, nisl. Aenean lectus. Pellentesque eget nunc. Donec quis orci eget orci vehicula condimentum. Curabitur in libero ut massa volutpat convallis. Morbi odio odio, elementum eu, interdum eu, tincidunt in, leo. Maecenas pulvinar lobortis est.'),
    (253, 47, 69, '2020-04-02 20:51:11', 'Vestibulum ante ipsum primis in faucibus orci luctus et ultrices posuere cubilia Curae, Duis faucibus accumsan odio. Curabitur convallis. Duis consequat dui nec nisi volutpat eleifend. Donec ut dolor. Morbi vel lectus in quam fringilla rhoncus.'),
    (254, 62, 65, '2017-04-27 08:40:58', 'Phasellus in felis. Donec semper sapien a libero. Nam dui.'),
    (255, 31, 65, '2018-07-29 10:57:01', 'Vestibulum ante ipsum primis in faucibus orci luctus et ultrices posuere cubilia Curae, Duis faucibus accumsan odio. Curabitur convallis. Duis consequat dui nec nisi volutpat eleifend. Donec ut dolor. Morbi vel lectus in quam fringilla rhoncus. Mauris enim leo, rhoncus sed, vestibulum sit amet, cursus id, turpis. Integer aliquet, massa id lobortis convallis, tortor risus dapibus augue, vel accumsan tellus nisi eu orci. Mauris lacinia sapien quis libero.'),
    (256, 34, 45, '2018-03-27 14:44:50', 'In est risus, auctor sed, tristique in, tempus sit amet, sem. Fusce consequat.'),
    (257, 21, 42, '2017-08-20 17:46:15', 'Curabitur gravida nisi at nibh. In hac habitasse platea dictumst. Aliquam augue quam, sollicitudin vitae, consectetuer eget, rutrum at, lorem. Integer tincidunt ante vel ipsum. Praesent blandit lacinia erat. Vestibulum sed magna at nunc commodo placerat. Praesent blandit. Nam nulla.'),
    (258, 57, 65, '2017-07-03 04:14:18', 'In congue. Etiam justo. Etiam pretium iaculis justo. In hac habitasse platea dictumst. Etiam faucibus cursus urna.'),
    (259, 40, 64, '2020-11-06 05:29:33', 'Integer aliquet, massa id lobortis convallis, tortor risus dapibus augue, vel accumsan tellus nisi eu orci. Mauris lacinia sapien quis libero. Nullam sit amet turpis elementum ligula vehicula consequat. Morbi a ipsum.'),
    (260, 35, 43, '2017-05-07 00:25:06', 'Pellentesque viverra pede ac diam. Cras pellentesque volutpat dui. Maecenas tristique, est et tempus semper, est quam pharetra magna, ac consequat metus sapien ut nunc. Vestibulum ante ipsum primis in faucibus orci luctus et ultrices posuere cubilia Curae, Mauris viverra diam vitae quam. Suspendisse potenti. Nullam porttitor lacus at turpis.'),
    (261, 53, 51, '2020-01-15 08:23:05', 'Vestibulum quam sapien, varius ut, blandit non, interdum in, ante. Vestibulum ante ipsum primis in faucibus orci luctus et ultrices posuere cubilia Curae, Duis faucibus accumsan odio. Curabitur convallis. Duis consequat dui nec nisi volutpat eleifend. Donec ut dolor. Morbi vel lectus in quam fringilla rhoncus. Mauris enim leo, rhoncus sed, vestibulum sit amet, cursus id, turpis. Integer aliquet, massa id lobortis convallis, tortor risus dapibus augue, vel accumsan tellus nisi eu orci.'),
    (262, 10, 49, '2017-04-09 22:10:38', 'Maecenas tincidunt lacus at velit. Vivamus vel nulla eget eros elementum pellentesque. Quisque porta volutpat erat. Quisque erat eros, viverra eget, congue eget, semper rutrum, nulla. Nunc purus. Phasellus in felis. Donec semper sapien a libero. Nam dui. Proin leo odio, porttitor id, consequat in, consequat ut, nulla.'),
    (263, 46, 64, '2018-08-19 22:42:38', 'Maecenas pulvinar lobortis est. Phasellus sit amet erat. Nulla tempus.'),
    (264, 34, 65, '2020-10-04 03:54:21', 'Donec ut dolor. Morbi vel lectus in quam fringilla rhoncus. Mauris enim leo, rhoncus sed, vestibulum sit amet, cursus id, turpis. Integer aliquet, massa id lobortis convallis, tortor risus dapibus augue, vel accumsan tellus nisi eu orci. Mauris lacinia sapien quis libero. Nullam sit amet turpis elementum ligula vehicula consequat.'),
    (265, 6, 51, '2019-04-25 07:33:48', 'Nam ultrices, libero non mattis pulvinar, nulla pede ullamcorper augue, a suscipit nulla elit ac nulla. Sed vel enim sit amet nunc viverra dapibus. Nulla suscipit ligula in lacus. Curabitur at ipsum ac tellus semper interdum. Mauris ullamcorper purus sit amet nulla. Quisque arcu libero, rutrum ac, lobortis vel, dapibus at, diam. Nam tristique tortor eu pede.'),
    (266, 59, 48, '2017-04-28 08:17:17', 'Ut tellus. Nulla ut erat id mauris vulputate elementum. Nullam varius.'),
    (267, 34, 51, '2020-08-30 16:36:42', 'Morbi vestibulum, velit id pretium iaculis, diam erat fermentum justo, nec condimentum neque sapien placerat ante. Nulla justo.'),
    (268, 18, 41, '2017-05-04 03:09:52', 'Etiam pretium iaculis justo. In hac habitasse platea dictumst. Etiam faucibus cursus urna. Ut tellus.'),
    (269, 44, 56, '2017-04-18 16:01:49', 'Donec semper sapien a libero. Nam dui. Proin leo odio, porttitor id, consequat in, consequat ut, nulla. Sed accumsan felis. Ut at dolor quis odio consequat varius.'),
    (270, 73, 44, '2017-06-30 03:25:51', 'Proin leo odio, porttitor id, consequat in, consequat ut, nulla. Sed accumsan felis. Ut at dolor quis odio consequat varius. Integer ac leo. Pellentesque ultrices mattis odio. Donec vitae nisi. Nam ultrices, libero non mattis pulvinar, nulla pede ullamcorper augue, a suscipit nulla elit ac nulla. Sed vel enim sit amet nunc viverra dapibus.'),
    (271, 68, 61, '2019-04-14 03:13:31', 'Praesent blandit lacinia erat. Vestibulum sed magna at nunc commodo placerat. Praesent blandit. Nam nulla.'),
    (272, 66, 59, '2020-06-28 23:24:43', 'Vestibulum ante ipsum primis in faucibus orci luctus et ultrices posuere cubilia Curae, Donec pharetra, magna vestibulum aliquet ultrices, erat tortor sollicitudin mi, sit amet lobortis sapien sapien non mi. Integer ac neque.'),
    (273, 36, 68, '2020-11-30 00:51:50', 'Phasellus sit amet erat. Nulla tempus. Vivamus in felis eu sapien cursus vestibulum. Proin eu mi. Nulla ac enim. In tempor, turpis nec euismod scelerisque, quam turpis adipiscing lorem, vitae mattis nibh ligula nec sem. Duis aliquam convallis nunc. Proin at turpis a pede posuere nonummy.'),
    (274, 65, 46, '2020-09-23 05:37:43', 'Quisque arcu libero, rutrum ac, lobortis vel, dapibus at, diam. Nam tristique tortor eu pede.'),
    (275, 65, 69, '2019-08-02 16:06:04', 'Morbi non lectus. Aliquam sit amet diam in magna bibendum imperdiet.'),
    (276, 66, 49, '2017-06-21 23:55:42', 'Proin eu mi. Nulla ac enim. In tempor, turpis nec euismod scelerisque, quam turpis adipiscing lorem, vitae mattis nibh ligula nec sem. Duis aliquam convallis nunc. Proin at turpis a pede posuere nonummy. Integer non velit. Donec diam neque, vestibulum eget, vulputate ut, ultrices vel, augue.'),
    (277, 24, 54, '2021-02-12 21:34:10', 'Aenean auctor gravida sem. Praesent id massa id nisl venenatis lacinia. Aenean sit amet justo. Morbi ut odio. Cras mi pede, malesuada in, imperdiet et, commodo vulputate, justo. In blandit ultrices enim.'),
    (278, 13, 68, '2018-08-26 21:01:28', 'Proin risus. Praesent lectus. Vestibulum quam sapien, varius ut, blandit non, interdum in, ante. Vestibulum ante ipsum primis in faucibus orci luctus et ultrices posuere cubilia Curae, Duis faucibus accumsan odio. Curabitur convallis. Duis consequat dui nec nisi volutpat eleifend. Donec ut dolor. Morbi vel lectus in quam fringilla rhoncus. Mauris enim leo, rhoncus sed, vestibulum sit amet, cursus id, turpis.'),
    (279, 69, 61, '2018-06-24 00:58:25', 'Curabitur in libero ut massa volutpat convallis. Morbi odio odio, elementum eu, interdum eu, tincidunt in, leo. Maecenas pulvinar lobortis est. Phasellus sit amet erat.'),
    (280, 39, 53, '2019-11-21 05:56:02', 'Ut at dolor quis odio consequat varius. Integer ac leo. Pellentesque ultrices mattis odio. Donec vitae nisi. Nam ultrices, libero non mattis pulvinar, nulla pede ullamcorper augue, a suscipit nulla elit ac nulla. Sed vel enim sit amet nunc viverra dapibus. Nulla suscipit ligula in lacus. Curabitur at ipsum ac tellus semper interdum. Mauris ullamcorper purus sit amet nulla.'),
    (281, 72, 46, '2021-04-02 03:51:16', 'Maecenas leo odio, condimentum id, luctus nec, molestie sed, justo. Pellentesque viverra pede ac diam. Cras pellentesque volutpat dui. Maecenas tristique, est et tempus semper, est quam pharetra magna, ac consequat metus sapien ut nunc.'),
    (282, 25, 48, '2019-11-21 11:27:10', 'Duis at velit eu est congue elementum. In hac habitasse platea dictumst. Morbi vestibulum, velit id pretium iaculis, diam erat fermentum justo, nec condimentum neque sapien placerat ante. Nulla justo. Aliquam quis turpis eget elit sodales scelerisque.'),
    (283, 19, 58, '2017-08-14 07:17:45', 'Vivamus vel nulla eget eros elementum pellentesque. Quisque porta volutpat erat. Quisque erat eros, viverra eget, congue eget, semper rutrum, nulla. Nunc purus. Phasellus in felis. Donec semper sapien a libero.'),
    (284, 44, 49, '2017-08-27 21:18:31', 'Vestibulum ante ipsum primis in faucibus orci luctus et ultrices posuere cubilia Curae, Nulla dapibus dolor vel est. Donec odio justo, sollicitudin ut, suscipit a, feugiat et, eros. Vestibulum ac est lacinia nisi venenatis tristique.'),
    (285, 19, 54, '2019-05-31 10:02:54', 'Duis bibendum, felis sed interdum venenatis, turpis enim blandit mi, in porttitor pede justo eu massa. Donec dapibus. Duis at velit eu est congue elementum. In hac habitasse platea dictumst. Morbi vestibulum, velit id pretium iaculis, diam erat fermentum justo, nec condimentum neque sapien placerat ante. Nulla justo.'),
    (286, 31, 69, '2019-01-23 18:37:32', 'Cras mi pede, malesuada in, imperdiet et, commodo vulputate, justo. In blandit ultrices enim. Lorem ipsum dolor sit amet, consectetuer adipiscing elit. Proin interdum mauris non ligula pellentesque ultrices. Phasellus id sapien in sapien iaculis congue. Vivamus metus arcu, adipiscing molestie, hendrerit at, vulputate vitae, nisl.'),
    (287, 5, 65, '2018-07-02 18:04:46', 'Morbi non lectus.'),
    (288, 59, 43, '2019-02-08 03:49:47', 'In tempor, turpis nec euismod scelerisque, quam turpis adipiscing lorem, vitae mattis nibh ligula nec sem. Duis aliquam convallis nunc. Proin at turpis a pede posuere nonummy. Integer non velit.'),
    (289, 56, 65, '2019-02-07 13:40:46', 'Donec odio justo, sollicitudin ut, suscipit a, feugiat et, eros. Vestibulum ac est lacinia nisi venenatis tristique. Fusce congue, diam id ornare imperdiet, sapien urna pretium nisl, ut volutpat sapien arcu sed augue. Aliquam erat volutpat. In congue. Etiam justo. Etiam pretium iaculis justo. In hac habitasse platea dictumst.'),
    (290, 71, 70, '2017-12-17 08:11:15', 'Etiam faucibus cursus urna. Ut tellus. Nulla ut erat id mauris vulputate elementum. Nullam varius. Nulla facilisi. Cras non velit nec nisi vulputate nonummy. Maecenas tincidunt lacus at velit. Vivamus vel nulla eget eros elementum pellentesque. Quisque porta volutpat erat. Quisque erat eros, viverra eget, congue eget, semper rutrum, nulla.'),
    (291, 9, 47, '2019-11-25 21:25:16', 'Cras mi pede, malesuada in, imperdiet et, commodo vulputate, justo.'),
    (292, 49, 58, '2020-07-12 04:29:11', 'In congue. Etiam justo. Etiam pretium iaculis justo. In hac habitasse platea dictumst. Etiam faucibus cursus urna. Ut tellus. Nulla ut erat id mauris vulputate elementum.'),
    (293, 70, 68, '2020-08-18 15:18:40', 'Maecenas pulvinar lobortis est. Phasellus sit amet erat. Nulla tempus. Vivamus in felis eu sapien cursus vestibulum.'),
    (294, 16, 62, '2020-06-10 05:55:25', 'Vestibulum ante ipsum primis in faucibus orci luctus et ultrices posuere cubilia Curae, Nulla dapibus dolor vel est. Donec odio justo, sollicitudin ut, suscipit a, feugiat et, eros. Vestibulum ac est lacinia nisi venenatis tristique. Fusce congue, diam id ornare imperdiet, sapien urna pretium nisl, ut volutpat sapien arcu sed augue. Aliquam erat volutpat.'),
    (295, 24, 43, '2018-06-12 23:55:26', 'Quisque erat eros, viverra eget, congue eget, semper rutrum, nulla. Nunc purus. Phasellus in felis. Donec semper sapien a libero. Nam dui. Proin leo odio, porttitor id, consequat in, consequat ut, nulla. Sed accumsan felis. Ut at dolor quis odio consequat varius. Integer ac leo. Pellentesque ultrices mattis odio.'),
    (296, 61, 56, '2018-09-08 13:59:59', 'Donec semper sapien a libero. Nam dui. Proin leo odio, porttitor id, consequat in, consequat ut, nulla. Sed accumsan felis. Ut at dolor quis odio consequat varius. Integer ac leo. Pellentesque ultrices mattis odio. Donec vitae nisi. Nam ultrices, libero non mattis pulvinar, nulla pede ullamcorper augue, a suscipit nulla elit ac nulla.'),
    (297, 72, 61, '2018-03-28 07:12:45', 'Lorem ipsum dolor sit amet, consectetuer adipiscing elit. Proin risus. Praesent lectus. Vestibulum quam sapien, varius ut, blandit non, interdum in, ante. Vestibulum ante ipsum primis in faucibus orci luctus et ultrices posuere cubilia Curae, Duis faucibus accumsan odio. Curabitur convallis. Duis consequat dui nec nisi volutpat eleifend. Donec ut dolor. Morbi vel lectus in quam fringilla rhoncus.'),
    (298, 34, 47, '2017-07-10 19:00:27', 'Suspendisse potenti. Nullam porttitor lacus at turpis. Donec posuere metus vitae ipsum. Aliquam non mauris. Morbi non lectus. Aliquam sit amet diam in magna bibendum imperdiet. Nullam orci pede, venenatis non, sodales sed, tincidunt eu, felis. Fusce posuere felis sed lacus. Morbi sem mauris, laoreet ut, rhoncus aliquet, pulvinar sed, nisl. Nunc rhoncus dui vel sem.'),
    (299, 63, 57, '2021-02-28 05:42:58', 'Vivamus vestibulum sagittis sapien. Cum sociis natoque penatibus et magnis dis parturient montes, nascetur ridiculus mus. Etiam vel augue. Vestibulum rutrum rutrum neque. Aenean auctor gravida sem. Praesent id massa id nisl venenatis lacinia.'),
    (300, 50, 69, '2020-04-03 19:01:36', 'In hac habitasse platea dictumst. Aliquam augue quam, sollicitudin vitae, consectetuer eget, rutrum at, lorem. Integer tincidunt ante vel ipsum. Praesent blandit lacinia erat. Vestibulum sed magna at nunc commodo placerat.'),
    (301, 18, 66, '2018-07-06 17:13:15', 'Morbi ut odio.'),
    (302, 71, 70, '2017-06-17 12:57:06', 'Fusce lacus purus, aliquet at, feugiat non, pretium quis, lectus.'),
    (303, 15, 46, '2018-11-03 11:43:15', 'Nulla justo. Aliquam quis turpis eget elit sodales scelerisque. Mauris sit amet eros. Suspendisse accumsan tortor quis turpis.'),
    (304, 22, 43, '2018-09-16 18:36:20', 'Etiam justo. Etiam pretium iaculis justo. In hac habitasse platea dictumst. Etiam faucibus cursus urna. Ut tellus. Nulla ut erat id mauris vulputate elementum. Nullam varius. Nulla facilisi. Cras non velit nec nisi vulputate nonummy. Maecenas tincidunt lacus at velit.'),
    (305, 73, 42, '2018-04-09 05:42:33', 'Quisque ut erat. Curabitur gravida nisi at nibh. In hac habitasse platea dictumst. Aliquam augue quam, sollicitudin vitae, consectetuer eget, rutrum at, lorem. Integer tincidunt ante vel ipsum.'),
    (306, 14, 52, '2020-05-12 18:41:35', 'In sagittis dui vel nisl. Duis ac nibh. Fusce lacus purus, aliquet at, feugiat non, pretium quis, lectus. Suspendisse potenti.'),
    (307, 39, 49, '2018-10-05 05:49:23', 'Integer tincidunt ante vel ipsum. Praesent blandit lacinia erat. Vestibulum sed magna at nunc commodo placerat. Praesent blandit. Nam nulla. Integer pede justo, lacinia eget, tincidunt eget, tempus vel, pede. Morbi porttitor lorem id ligula.'),
    (308, 42, 68, '2018-03-07 03:13:08', 'In eleifend quam a odio. In hac habitasse platea dictumst. Maecenas ut massa quis augue luctus tincidunt. Nulla mollis molestie lorem.'),
    (309, 56, 52, '2020-05-27 08:29:56', 'Mauris enim leo, rhoncus sed, vestibulum sit amet, cursus id, turpis. Integer aliquet, massa id lobortis convallis, tortor risus dapibus augue, vel accumsan tellus nisi eu orci. Mauris lacinia sapien quis libero. Nullam sit amet turpis elementum ligula vehicula consequat. Morbi a ipsum. Integer a nibh. In quis justo. Maecenas rhoncus aliquam lacus.'),
    (310, 57, 56, '2020-06-08 22:39:29', 'Nulla suscipit ligula in lacus. Curabitur at ipsum ac tellus semper interdum.'),
    (311, 36, 44, '2020-06-26 13:57:03', 'Nulla mollis molestie lorem. Quisque ut erat. Curabitur gravida nisi at nibh. In hac habitasse platea dictumst. Aliquam augue quam, sollicitudin vitae, consectetuer eget, rutrum at, lorem. Integer tincidunt ante vel ipsum. Praesent blandit lacinia erat. Vestibulum sed magna at nunc commodo placerat. Praesent blandit. Nam nulla.'),
    (312, 31, 66, '2018-11-03 11:05:11', 'In tempor, turpis nec euismod scelerisque, quam turpis adipiscing lorem, vitae mattis nibh ligula nec sem. Duis aliquam convallis nunc. Proin at turpis a pede posuere nonummy. Integer non velit. Donec diam neque, vestibulum eget, vulputate ut, ultrices vel, augue. Vestibulum ante ipsum primis in faucibus orci luctus et ultrices posuere cubilia Curae, Donec pharetra, magna vestibulum aliquet ultrices, erat tortor sollicitudin mi, sit amet lobortis sapien sapien non mi.'),
    (313, 9, 47, '2018-03-02 03:24:44', 'Nam ultrices, libero non mattis pulvinar, nulla pede ullamcorper augue, a suscipit nulla elit ac nulla. Sed vel enim sit amet nunc viverra dapibus. Nulla suscipit ligula in lacus. Curabitur at ipsum ac tellus semper interdum. Mauris ullamcorper purus sit amet nulla. Quisque arcu libero, rutrum ac, lobortis vel, dapibus at, diam. Nam tristique tortor eu pede.'),
    (314, 51, 60, '2018-04-12 01:25:20', 'Mauris enim leo, rhoncus sed, vestibulum sit amet, cursus id, turpis. Integer aliquet, massa id lobortis convallis, tortor risus dapibus augue, vel accumsan tellus nisi eu orci. Mauris lacinia sapien quis libero. Nullam sit amet turpis elementum ligula vehicula consequat. Morbi a ipsum. Integer a nibh. In quis justo. Maecenas rhoncus aliquam lacus. Morbi quis tortor id nulla ultrices aliquet.'),
    (315, 22, 42, '2019-06-02 21:25:38', 'Quisque id justo sit amet sapien dignissim vestibulum.'),
    (316, 37, 62, '2021-01-27 15:25:44', 'Sed ante. Vivamus tortor. Duis mattis egestas metus. Aenean fermentum. Donec ut mauris eget massa tempor convallis. Nulla neque libero, convallis eget, eleifend luctus, ultricies eu, nibh. Quisque id justo sit amet sapien dignissim vestibulum. Vestibulum ante ipsum primis in faucibus orci luctus et ultrices posuere cubilia Curae, Nulla dapibus dolor vel est. Donec odio justo, sollicitudin ut, suscipit a, feugiat et, eros. Vestibulum ac est lacinia nisi venenatis tristique.'),
    (317, 25, 60, '2017-07-31 08:16:07', 'Integer ac neque. Duis bibendum. Morbi non quam nec dui luctus rutrum. Nulla tellus. In sagittis dui vel nisl. Duis ac nibh. Fusce lacus purus, aliquet at, feugiat non, pretium quis, lectus. Suspendisse potenti.'),
    (318, 67, 62, '2019-11-17 08:10:09', 'Ut at dolor quis odio consequat varius. Integer ac leo. Pellentesque ultrices mattis odio. Donec vitae nisi. Nam ultrices, libero non mattis pulvinar, nulla pede ullamcorper augue, a suscipit nulla elit ac nulla. Sed vel enim sit amet nunc viverra dapibus. Nulla suscipit ligula in lacus.'),
    (319, 5, 44, '2020-04-14 21:01:03', 'Nam ultrices, libero non mattis pulvinar, nulla pede ullamcorper augue, a suscipit nulla elit ac nulla. Sed vel enim sit amet nunc viverra dapibus. Nulla suscipit ligula in lacus. Curabitur at ipsum ac tellus semper interdum. Mauris ullamcorper purus sit amet nulla. Quisque arcu libero, rutrum ac, lobortis vel, dapibus at, diam.'),
    (320, 15, 53, '2021-03-03 00:07:52', 'Sed ante. Vivamus tortor. Duis mattis egestas metus. Aenean fermentum. Donec ut mauris eget massa tempor convallis. Nulla neque libero, convallis eget, eleifend luctus, ultricies eu, nibh. Quisque id justo sit amet sapien dignissim vestibulum. Vestibulum ante ipsum primis in faucibus orci luctus et ultrices posuere cubilia Curae, Nulla dapibus dolor vel est. Donec odio justo, sollicitudin ut, suscipit a, feugiat et, eros. Vestibulum ac est lacinia nisi venenatis tristique.'),
    (321, 39, 51, '2018-07-28 17:47:07', 'Suspendisse potenti. Cras in purus eu magna vulputate luctus. Cum sociis natoque penatibus et magnis dis parturient montes, nascetur ridiculus mus. Vivamus vestibulum sagittis sapien. Cum sociis natoque penatibus et magnis dis parturient montes, nascetur ridiculus mus. Etiam vel augue. Vestibulum rutrum rutrum neque.'),
    (322, 71, 60, '2019-03-07 17:39:11', 'Cum sociis natoque penatibus et magnis dis parturient montes, nascetur ridiculus mus. Vivamus vestibulum sagittis sapien. Cum sociis natoque penatibus et magnis dis parturient montes, nascetur ridiculus mus. Etiam vel augue.'),
    (323, 30, 70, '2018-10-06 08:44:30', 'Nulla nisl. Nunc nisl. Duis bibendum, felis sed interdum venenatis, turpis enim blandit mi, in porttitor pede justo eu massa. Donec dapibus. Duis at velit eu est congue elementum. In hac habitasse platea dictumst. Morbi vestibulum, velit id pretium iaculis, diam erat fermentum justo, nec condimentum neque sapien placerat ante. Nulla justo. Aliquam quis turpis eget elit sodales scelerisque. Mauris sit amet eros.'),
    (324, 10, 51, '2020-12-20 01:05:14', 'Suspendisse ornare consequat lectus. In est risus, auctor sed, tristique in, tempus sit amet, sem.'),
    (325, 61, 41, '2018-07-10 12:56:34', 'Aliquam augue quam, sollicitudin vitae, consectetuer eget, rutrum at, lorem. Integer tincidunt ante vel ipsum. Praesent blandit lacinia erat. Vestibulum sed magna at nunc commodo placerat. Praesent blandit.'),
    (326, 69, 57, '2020-05-17 15:07:08', 'In est risus, auctor sed, tristique in, tempus sit amet, sem.'),
    (327, 39, 64, '2018-07-22 14:59:40', 'Integer non velit. Donec diam neque, vestibulum eget, vulputate ut, ultrices vel, augue. Vestibulum ante ipsum primis in faucibus orci luctus et ultrices posuere cubilia Curae, Donec pharetra, magna vestibulum aliquet ultrices, erat tortor sollicitudin mi, sit amet lobortis sapien sapien non mi. Integer ac neque. Duis bibendum.'),
    (328, 24, 46, '2020-02-22 16:38:06', 'Cras non velit nec nisi vulputate nonummy. Maecenas tincidunt lacus at velit. Vivamus vel nulla eget eros elementum pellentesque. Quisque porta volutpat erat. Quisque erat eros, viverra eget, congue eget, semper rutrum, nulla. Nunc purus. Phasellus in felis. Donec semper sapien a libero. Nam dui.'),
    (329, 46, 64, '2020-05-07 14:27:49', 'In congue. Etiam justo. Etiam pretium iaculis justo. In hac habitasse platea dictumst. Etiam faucibus cursus urna. Ut tellus. Nulla ut erat id mauris vulputate elementum.'),
    (330, 72, 45, '2019-07-17 15:15:14', 'Nullam varius. Nulla facilisi. Cras non velit nec nisi vulputate nonummy. Maecenas tincidunt lacus at velit. Vivamus vel nulla eget eros elementum pellentesque. Quisque porta volutpat erat.'),
    (331, 48, 62, '2018-10-26 05:17:13', 'Maecenas tristique, est et tempus semper, est quam pharetra magna, ac consequat metus sapien ut nunc. Vestibulum ante ipsum primis in faucibus orci luctus et ultrices posuere cubilia Curae, Mauris viverra diam vitae quam. Suspendisse potenti. Nullam porttitor lacus at turpis. Donec posuere metus vitae ipsum. Aliquam non mauris. Morbi non lectus. Aliquam sit amet diam in magna bibendum imperdiet. Nullam orci pede, venenatis non, sodales sed, tincidunt eu, felis.'),
    (332, 49, 66, '2018-09-14 19:46:54', 'In est risus, auctor sed, tristique in, tempus sit amet, sem. Fusce consequat. Nulla nisl. Nunc nisl. Duis bibendum, felis sed interdum venenatis, turpis enim blandit mi, in porttitor pede justo eu massa. Donec dapibus. Duis at velit eu est congue elementum.'),
    (333, 3, 64, '2019-10-13 18:43:03', 'Integer aliquet, massa id lobortis convallis, tortor risus dapibus augue, vel accumsan tellus nisi eu orci. Mauris lacinia sapien quis libero. Nullam sit amet turpis elementum ligula vehicula consequat. Morbi a ipsum. Integer a nibh. In quis justo. Maecenas rhoncus aliquam lacus. Morbi quis tortor id nulla ultrices aliquet. Maecenas leo odio, condimentum id, luctus nec, molestie sed, justo. Pellentesque viverra pede ac diam.'),
    (334, 21, 66, '2018-01-19 13:44:35', 'In eleifend quam a odio. In hac habitasse platea dictumst. Maecenas ut massa quis augue luctus tincidunt. Nulla mollis molestie lorem. Quisque ut erat. Curabitur gravida nisi at nibh. In hac habitasse platea dictumst. Aliquam augue quam, sollicitudin vitae, consectetuer eget, rutrum at, lorem. Integer tincidunt ante vel ipsum. Praesent blandit lacinia erat.'),
    (335, 51, 56, '2020-01-27 03:09:41', 'Vivamus tortor. Duis mattis egestas metus. Aenean fermentum. Donec ut mauris eget massa tempor convallis.'),
    (336, 63, 51, '2020-08-30 03:00:15', 'Duis bibendum. Morbi non quam nec dui luctus rutrum. Nulla tellus. In sagittis dui vel nisl. Duis ac nibh.'),
    (337, 42, 44, '2017-10-20 02:40:57', 'Vestibulum quam sapien, varius ut, blandit non, interdum in, ante. Vestibulum ante ipsum primis in faucibus orci luctus et ultrices posuere cubilia Curae, Duis faucibus accumsan odio. Curabitur convallis. Duis consequat dui nec nisi volutpat eleifend. Donec ut dolor. Morbi vel lectus in quam fringilla rhoncus. Mauris enim leo, rhoncus sed, vestibulum sit amet, cursus id, turpis. Integer aliquet, massa id lobortis convallis, tortor risus dapibus augue, vel accumsan tellus nisi eu orci. Mauris lacinia sapien quis libero.'),
    (338, 35, 63, '2020-02-02 22:54:47', 'Duis bibendum. Morbi non quam nec dui luctus rutrum.'),
    (339, 49, 65, '2020-05-31 04:35:59', 'Duis aliquam convallis nunc. Proin at turpis a pede posuere nonummy. Integer non velit. Donec diam neque, vestibulum eget, vulputate ut, ultrices vel, augue. Vestibulum ante ipsum primis in faucibus orci luctus et ultrices posuere cubilia Curae, Donec pharetra, magna vestibulum aliquet ultrices, erat tortor sollicitudin mi, sit amet lobortis sapien sapien non mi. Integer ac neque.'),
    (340, 71, 68, '2017-11-01 15:57:29', 'Donec odio justo, sollicitudin ut, suscipit a, feugiat et, eros. Vestibulum ac est lacinia nisi venenatis tristique. Fusce congue, diam id ornare imperdiet, sapien urna pretium nisl, ut volutpat sapien arcu sed augue. Aliquam erat volutpat. In congue. Etiam justo. Etiam pretium iaculis justo. In hac habitasse platea dictumst.'),
    (341, 35, 69, '2020-12-12 07:12:01', 'Quisque id justo sit amet sapien dignissim vestibulum. Vestibulum ante ipsum primis in faucibus orci luctus et ultrices posuere cubilia Curae, Nulla dapibus dolor vel est. Donec odio justo, sollicitudin ut, suscipit a, feugiat et, eros. Vestibulum ac est lacinia nisi venenatis tristique. Fusce congue, diam id ornare imperdiet, sapien urna pretium nisl, ut volutpat sapien arcu sed augue. Aliquam erat volutpat. In congue. Etiam justo. Etiam pretium iaculis justo.'),
    (342, 8, 51, '2020-03-09 15:31:02', 'Etiam faucibus cursus urna.'),
    (343, 2, 69, '2019-06-06 10:41:47', 'Integer pede justo, lacinia eget, tincidunt eget, tempus vel, pede. Morbi porttitor lorem id ligula. Suspendisse ornare consequat lectus. In est risus, auctor sed, tristique in, tempus sit amet, sem. Fusce consequat. Nulla nisl. Nunc nisl. Duis bibendum, felis sed interdum venenatis, turpis enim blandit mi, in porttitor pede justo eu massa.'),
    (344, 75, 47, '2019-05-05 09:18:08', 'Integer ac leo. Pellentesque ultrices mattis odio. Donec vitae nisi. Nam ultrices, libero non mattis pulvinar, nulla pede ullamcorper augue, a suscipit nulla elit ac nulla. Sed vel enim sit amet nunc viverra dapibus. Nulla suscipit ligula in lacus. Curabitur at ipsum ac tellus semper interdum. Mauris ullamcorper purus sit amet nulla. Quisque arcu libero, rutrum ac, lobortis vel, dapibus at, diam. Nam tristique tortor eu pede.'),
    (345, 14, 54, '2017-12-14 06:48:30', 'Integer a nibh. In quis justo. Maecenas rhoncus aliquam lacus. Morbi quis tortor id nulla ultrices aliquet. Maecenas leo odio, condimentum id, luctus nec, molestie sed, justo. Pellentesque viverra pede ac diam. Cras pellentesque volutpat dui. Maecenas tristique, est et tempus semper, est quam pharetra magna, ac consequat metus sapien ut nunc. Vestibulum ante ipsum primis in faucibus orci luctus et ultrices posuere cubilia Curae, Mauris viverra diam vitae quam.'),
    (346, 71, 64, '2020-01-09 02:05:02', 'In hac habitasse platea dictumst.'),
    (347, 56, 41, '2018-08-18 22:00:14', 'Aliquam non mauris. Morbi non lectus. Aliquam sit amet diam in magna bibendum imperdiet. Nullam orci pede, venenatis non, sodales sed, tincidunt eu, felis. Fusce posuere felis sed lacus.'),
    (348, 67, 46, '2019-07-11 12:11:15', 'Nulla nisl. Nunc nisl. Duis bibendum, felis sed interdum venenatis, turpis enim blandit mi, in porttitor pede justo eu massa. Donec dapibus. Duis at velit eu est congue elementum. In hac habitasse platea dictumst. Morbi vestibulum, velit id pretium iaculis, diam erat fermentum justo, nec condimentum neque sapien placerat ante. Nulla justo.'),
    (349, 16, 52, '2017-12-13 06:03:33', 'Nam nulla. Integer pede justo, lacinia eget, tincidunt eget, tempus vel, pede.'),
    (350, 43, 47, '2020-04-17 22:14:09', 'Suspendisse accumsan tortor quis turpis.');

UPDATE "location"
SET site_manager_id = 1
WHERE location_id = 1;

UPDATE "location"
SET site_manager_id = 2
WHERE location_id = 2;

UPDATE "location"
SET site_manager_id = 3
WHERE location_id = 3;

UPDATE "location"
SET site_manager_id = 4
WHERE location_id = 4;

UPDATE "location"
SET site_manager_id = 5
WHERE location_id = 5;

UPDATE "location"
SET site_manager_id = 6
WHERE location_id = 6;

UPDATE "location"
SET site_manager_id = 7
WHERE location_id = 7;

UPDATE "location"
SET site_manager_id = 8
WHERE location_id = 8;

UPDATE "location"
SET site_manager_id = 9
WHERE location_id = 9;

UPDATE "location"
SET site_manager_id = 10
WHERE location_id = 10;

UPDATE "department"
SET manager_id = 11
WHERE dept_id = 1;

UPDATE "department"
SET manager_id = 12
WHERE dept_id = 2;

UPDATE "department"
SET manager_id = 13
WHERE dept_id = 3;

UPDATE "department"
SET manager_id = 14
WHERE dept_id = 4;

UPDATE "department"
SET manager_id = 15
WHERE dept_id = 5;

UPDATE "department"
SET manager_id = 16
WHERE dept_id = 6;

UPDATE "department"
SET manager_id = 17
WHERE dept_id = 7;

UPDATE "department"
SET manager_id = 18
WHERE dept_id = 8;

UPDATE "department"
SET manager_id = 19
WHERE dept_id = 9;

UPDATE "department"
SET manager_id = 20
WHERE dept_id = 10;

UPDATE "department"
SET manager_id = 21
WHERE dept_id = 11;

UPDATE "department"
SET manager_id = 22
WHERE dept_id = 12;

UPDATE "department"
SET manager_id = 23
WHERE dept_id = 13;

UPDATE "department"
SET manager_id = 24
WHERE dept_id = 14;

UPDATE "department"
SET manager_id = 25
WHERE dept_id = 15;

UPDATE "department"
SET manager_id = 26
WHERE dept_id = 16;

UPDATE "department"
SET manager_id = 27
WHERE dept_id = 17;

UPDATE "department"
SET manager_id = 28
WHERE dept_id = 18;

UPDATE "department"
SET manager_id = 29
WHERE dept_id = 19;

UPDATE "department"
SET manager_id = 30
WHERE dept_id = 20;

UPDATE "department"
SET manager_id = 31
WHERE dept_id = 21;

UPDATE "department"
SET manager_id = 32
WHERE dept_id = 22;

UPDATE "department"
SET manager_id = 33
WHERE dept_id = 23;

UPDATE "department"
SET manager_id = 34
WHERE dept_id = 24;

UPDATE "department"
SET manager_id = 35
WHERE dept_id = 25;

UPDATE "department"
SET manager_id = 36
WHERE dept_id = 26;

UPDATE "department"
SET manager_id = 37
WHERE dept_id = 27;

UPDATE "department"
SET manager_id = 38
WHERE dept_id = 28;

UPDATE "department"
SET manager_id = 39
WHERE dept_id = 29;

UPDATE "department"
SET manager_id = 40
WHERE dept_id = 30;

END;